-- phpMyAdmin SQL Dump
-- version 5.1.1deb5ubuntu1
-- https://www.phpmyadmin.net/
--
-- Host: localhost:3306
-- Generation Time: Jun 05, 2026 at 02:32 PM
-- Server version: 8.0.45-0ubuntu0.22.04.1
-- PHP Version: 8.2.30

SET SQL_MODE = "NO_AUTO_VALUE_ON_ZERO";
START TRANSACTION;
SET time_zone = "+00:00";


/*!40101 SET @OLD_CHARACTER_SET_CLIENT=@@CHARACTER_SET_CLIENT */;
/*!40101 SET @OLD_CHARACTER_SET_RESULTS=@@CHARACTER_SET_RESULTS */;
/*!40101 SET @OLD_COLLATION_CONNECTION=@@COLLATION_CONNECTION */;
/*!40101 SET NAMES utf8mb4 */;

--
-- Database: `webchat`
--

-- --------------------------------------------------------

--
-- Table structure for table `failed_jobs`
--

CREATE TABLE `failed_jobs` (
  `id` bigint UNSIGNED NOT NULL,
  `uuid` varchar(255) COLLATE utf8mb4_unicode_ci NOT NULL,
  `connection` text COLLATE utf8mb4_unicode_ci NOT NULL,
  `queue` text COLLATE utf8mb4_unicode_ci NOT NULL,
  `payload` longtext COLLATE utf8mb4_unicode_ci NOT NULL,
  `exception` longtext COLLATE utf8mb4_unicode_ci NOT NULL,
  `failed_at` timestamp NOT NULL DEFAULT CURRENT_TIMESTAMP
) ENGINE=InnoDB DEFAULT CHARSET=utf8mb4 COLLATE=utf8mb4_unicode_ci;

-- --------------------------------------------------------

--
-- Table structure for table `list_items`
--

CREATE TABLE `list_items` (
  `id` bigint UNSIGNED NOT NULL,
  `list_id` bigint UNSIGNED NOT NULL,
  `item_name` varchar(255) COLLATE utf8mb4_unicode_ci NOT NULL,
  `price` decimal(10,2) NOT NULL DEFAULT '0.00',
  `quantity` int DEFAULT NULL,
  `note` text COLLATE utf8mb4_unicode_ci,
  `date` datetime DEFAULT NULL,
  `checked` tinyint(1) NOT NULL DEFAULT '0',
  `created_at` timestamp NULL DEFAULT NULL,
  `updated_at` timestamp NULL DEFAULT NULL
) ENGINE=InnoDB DEFAULT CHARSET=utf8mb4 COLLATE=utf8mb4_unicode_ci;

--
-- Dumping data for table `list_items`
--

INSERT INTO `list_items` (`id`, `list_id`, `item_name`, `price`, `quantity`, `note`, `date`, `checked`, `created_at`, `updated_at`) VALUES
(1, 2, 'Tritel xmas gift', '399.00', 1, NULL, NULL, 1, '2024-11-21 11:43:10', '2024-11-30 15:24:28'),
(2, 2, 'Special cat urinary', '1150.00', 1, NULL, NULL, 1, '2024-11-21 11:43:24', '2024-11-30 15:24:26'),
(3, 2, 'Meralco', '1929.99', 1, NULL, NULL, 1, '2024-11-21 11:43:39', '2024-11-30 15:24:24'),
(4, 2, 'Meralco ni ash', '937.95', 1, NULL, NULL, 1, '2024-11-21 11:43:58', '2024-11-30 15:24:23'),
(5, 2, 'Black shoes', '599.00', 1, 'Ashlong', NULL, 1, '2024-11-21 11:44:21', '2024-11-30 15:24:22'),
(6, 2, 'Jollibee', '299.00', 1, NULL, NULL, 1, '2024-11-21 11:45:24', '2024-11-21 11:45:37'),
(7, 2, 'Bok chicken', '584.00', 1, NULL, NULL, 1, '2024-11-21 11:45:33', '2024-11-21 11:45:35'),
(8, 3, 'Carl', '500.00', 1, 'From sundo', NULL, 1, '2024-11-21 11:47:22', '2024-11-21 12:08:56'),
(9, 3, 'Jang', '4815.00', 1, 'From savings', '2024-12-15 00:00:00', 1, '2024-11-21 11:48:52', '2024-12-12 13:18:21'),
(10, 3, 'Khel', '2075.00', 1, 'From savings', '2024-11-30 00:00:00', 1, '2024-11-21 11:49:19', '2024-11-29 05:54:48'),
(11, 3, 'Khel', '1575.00', 1, 'From savings', '2024-11-30 00:00:00', 1, '2024-11-21 11:49:45', '2024-11-29 05:54:46'),
(12, 3, 'Carl', '350.00', 1, 'From gcash', NULL, 1, '2024-11-21 11:50:15', '2024-11-26 14:03:01'),
(13, 3, 'Zenji', '4015.00', 1, 'From savings', NULL, 1, '2024-11-21 11:50:39', '2026-01-22 06:44:07'),
(14, 3, 'Zenji', '7100.00', 1, 'From payroll', NULL, 1, '2024-11-21 11:50:59', '2026-01-22 06:44:07'),
(15, 3, 'Zenji', '3000.00', 1, 'From payroll', NULL, 1, '2024-11-21 11:51:26', '2026-01-22 06:44:06'),
(16, 3, 'Zenji', '2000.00', 1, 'From payroll', NULL, 1, '2024-11-21 11:51:45', '2026-01-22 06:44:06'),
(17, 3, 'Seb', '5500.00', 1, 'From savings', '2024-11-30 00:00:00', 1, '2024-11-21 11:52:39', '2024-12-01 13:07:43'),
(18, 3, 'Seb', '5500.00', 1, 'From savings', '2024-12-30 00:00:00', 1, '2024-11-21 11:53:02', '2025-01-02 17:18:19'),
(28, 3, 'Khel', '60.00', 1, NULL, '2024-11-30 00:00:00', 1, '2024-11-24 18:24:51', '2024-11-28 15:16:52'),
(29, 2, 'Xmas gift', '489.00', 1, 'Ashlong', NULL, 1, '2024-11-25 14:04:09', '2024-11-30 15:24:21'),
(30, 2, 'Blackbar', '255.50', 2, NULL, NULL, 1, '2024-11-25 19:26:09', '2024-11-30 15:24:20'),
(31, 2, 'Love', '55.00', 2, NULL, NULL, 1, '2024-11-25 19:26:24', '2024-11-30 15:24:18'),
(32, 2, 'Black bar', '255.50', 2, NULL, NULL, 1, '2024-11-25 19:30:49', '2024-11-25 19:31:18'),
(33, 2, 'Meralco', '3000.00', 1, NULL, NULL, 1, '2024-11-25 19:34:16', '2024-11-25 19:34:23'),
(34, 3, 'Stephen', '3515.00', 1, 'Utang sa sarili to be taken from 13th month', '2024-11-30 00:00:00', 1, '2024-11-26 04:56:02', '2024-11-29 07:09:20'),
(35, 3, 'Khel', '795.00', 1, NULL, '2024-11-30 00:00:00', 1, '2024-11-26 05:12:09', '2024-11-29 05:54:42'),
(36, 5, 'Parking', '500.00', 1, NULL, NULL, 1, '2024-11-29 06:01:56', '2024-12-02 10:39:35'),
(37, 5, 'Grocery', '1000.00', 1, NULL, NULL, 1, '2024-11-29 06:02:13', '2024-12-02 10:38:53'),
(38, 5, 'Juice', '489.00', 1, NULL, NULL, 1, '2024-11-29 06:02:19', '2024-12-01 06:52:22'),
(39, 5, 'Gas', '600.00', 1, NULL, NULL, 1, '2024-11-29 06:02:27', '2024-12-02 10:39:35'),
(40, 5, 'Meralco', '3080.00', 1, NULL, NULL, 1, '2024-11-29 06:02:38', '2024-12-01 06:52:24'),
(41, 5, 'Bebe', '2000.00', 1, NULL, NULL, 1, '2024-11-29 06:02:46', '2024-12-01 06:52:23'),
(42, 6, 'Kath', '5800.00', 1, NULL, NULL, 1, '2024-11-29 06:06:35', '2024-11-30 13:55:07'),
(43, 6, 'Moma', '2500.00', 1, NULL, NULL, 1, '2024-11-29 06:06:46', '2024-12-02 10:40:10'),
(44, 6, 'Axel', '2500.00', 1, NULL, NULL, 1, '2024-11-29 06:06:55', '2024-12-02 10:40:09'),
(45, 6, 'Daddy', '3515.00', 1, NULL, NULL, 1, '2024-11-29 06:07:04', '2024-11-29 07:10:48'),
(46, 5, 'Savings', '2000.00', 1, NULL, NULL, 1, '2024-11-29 07:06:32', '2024-12-01 06:52:25'),
(47, 5, 'Juice', '511.00', 1, NULL, NULL, 1, '2024-11-29 07:10:16', '2024-12-01 06:52:30'),
(49, 3, 'Carl', '1505.00', 1, 'From payroll', '2024-12-02 00:00:00', 1, '2024-11-29 07:54:39', '2024-12-06 10:11:17'),
(57, 3, 'Kim', '2000.00', 1, 'From Payroll', '2024-11-30 00:00:00', 1, '2024-11-30 06:15:02', '2024-12-02 13:46:15'),
(58, 3, 'Ashlong', '200.00', 1, 'From savings', '2024-12-01 00:00:00', 1, '2024-12-01 06:47:30', '2024-12-10 05:13:53'),
(73, 3, 'Carl', '2310.00', 1, 'From savings', '2025-01-10 00:00:00', 1, '2024-12-11 20:42:27', '2025-01-16 10:26:28'),
(74, 3, 'Carl', '200.00', 1, 'From gcash', NULL, 1, '2024-12-12 04:52:41', '2024-12-24 17:36:25'),
(78, 10, 'Parking', '500.00', 1, NULL, NULL, 1, '2024-12-13 13:40:11', '2024-12-15 06:15:52'),
(79, 10, 'Grocery', '1000.00', 1, NULL, NULL, 1, '2024-12-13 13:40:27', '2024-12-15 06:15:59'),
(80, 10, 'Juice', '1000.00', 1, NULL, NULL, 1, '2024-12-13 13:40:37', '2024-12-15 06:17:22'),
(81, 10, 'Gas', '600.00', 1, NULL, NULL, 1, '2024-12-13 13:40:53', '2024-12-15 06:17:23'),
(82, 10, 'Meralco', '3000.00', 1, NULL, NULL, 0, '2024-12-13 13:41:35', '2024-12-13 13:41:35'),
(83, 10, 'Bebe', '2000.00', 1, NULL, NULL, 1, '2024-12-13 13:41:46', '2024-12-15 06:16:36'),
(84, 10, 'Savings', '2000.00', 1, NULL, NULL, 1, '2024-12-13 13:41:58', '2024-12-13 13:46:00'),
(85, 11, 'Black bar', '1038.00', 1, NULL, NULL, 1, '2024-12-15 10:28:39', '2024-12-17 17:40:41'),
(86, 3, 'Carl', '260.00', 1, 'From CC', NULL, 1, '2024-12-15 10:30:05', '2024-12-24 17:36:24'),
(87, 3, 'Mallar', '2200.00', 1, '10% if 3 mos 20% if 6mos', '2025-01-31 00:00:00', 1, '2024-12-16 04:13:56', '2025-03-15 03:54:31'),
(88, 3, 'Mallar', '2200.00', 1, '10% if 3 mos 20% if 6mos', '2025-02-28 00:00:00', 1, '2024-12-16 04:14:13', '2025-03-15 03:54:32'),
(89, 3, 'Mallar', '2200.00', 1, '10% if 3 mos 20% if 6mos', '2025-03-31 00:00:00', 1, '2024-12-16 04:14:30', '2025-03-15 03:54:35'),
(90, 11, 'Gift for carl', '336.00', 1, NULL, NULL, 1, '2024-12-17 09:18:39', '2024-12-17 17:40:41'),
(93, 11, 'Ugreen charger', '420.00', 1, NULL, NULL, 1, '2024-12-17 17:38:38', '2024-12-17 17:40:41'),
(94, 11, 'Shein', '400.00', 1, 'Gift for ash', NULL, 1, '2024-12-17 18:23:21', '2024-12-17 18:32:46'),
(95, 11, 'Shein', '1066.00', 1, 'Ashlong', NULL, 1, '2024-12-17 18:23:29', '2024-12-27 17:35:43'),
(96, 11, 'Tissue', '99.00', 1, NULL, NULL, 1, '2024-12-17 18:32:43', '2024-12-17 18:32:45'),
(97, 11, 'Meralco', '1744.94', 1, NULL, NULL, 1, '2024-12-18 09:43:30', '2024-12-27 17:47:34'),
(98, 12, 'White bracket', '0.00', 6, 'same size ng saakin', NULL, 1, '2024-12-19 05:58:01', '2024-12-19 07:12:16'),
(99, 12, 'Extension', '0.00', 1, NULL, NULL, 0, '2024-12-19 05:58:09', '2024-12-19 05:58:09'),
(100, 12, 'Cable clips', '0.00', 1, NULL, NULL, 0, '2024-12-19 05:58:24', '2024-12-19 05:58:24'),
(101, 12, 'Cable organizer', '0.00', 1, NULL, NULL, 0, '2024-12-19 05:59:07', '2024-12-19 05:59:07'),
(102, 12, 'gift bag', '0.00', 1, NULL, NULL, 0, '2024-12-19 05:59:54', '2024-12-19 05:59:54'),
(103, 11, 'Meralco', '3000.00', 1, NULL, NULL, 1, '2024-12-19 15:24:11', '2024-12-19 15:24:26'),
(104, 11, 'Special Cat urinary', '1264.00', 1, NULL, NULL, 1, '2024-12-19 16:05:09', '2024-12-27 17:47:34'),
(105, 11, 'Black bar', '580.00', 1, NULL, NULL, 1, '2024-12-24 17:37:49', '2024-12-27 08:45:02'),
(106, 11, 'Segotep case', '1394.00', 1, NULL, NULL, 1, '2024-12-27 06:02:05', '2024-12-27 08:41:49'),
(107, 13, 'Downy', '148.00', 1, NULL, NULL, 1, '2024-12-27 06:57:12', '2025-05-05 07:51:19'),
(108, 13, 'Detergent', '102.25', 1, NULL, NULL, 1, '2024-12-27 06:57:18', '2025-05-05 07:51:19'),
(109, 13, 'Dishwashing', '155.00', 1, NULL, NULL, 1, '2024-12-27 06:57:32', '2025-05-05 07:51:18'),
(110, 13, 'Toothpaste', '129.00', 1, NULL, NULL, 0, '2024-12-27 06:57:42', '2024-12-27 07:45:28'),
(111, 13, 'Soap', '30.75', 3, NULL, NULL, 0, '2024-12-27 06:57:58', '2024-12-27 07:46:20'),
(112, 13, 'Oil', '114.00', 1, NULL, NULL, 0, '2024-12-27 06:58:16', '2024-12-27 07:47:14'),
(113, 13, 'Albatross', '35.00', 1, NULL, NULL, 0, '2024-12-27 07:44:46', '2025-02-28 09:51:25'),
(114, 14, 'Parking', '500.00', 1, NULL, NULL, 0, '2024-12-27 08:54:31', '2024-12-27 08:54:31'),
(115, 14, 'Grocery', '1000.00', 1, NULL, NULL, 1, '2024-12-27 08:54:40', '2024-12-27 17:22:54'),
(116, 14, 'Juice', '103.00', 1, NULL, NULL, 1, '2024-12-27 08:54:48', '2024-12-27 17:48:51'),
(117, 14, 'Gas', '600.00', 1, NULL, NULL, 1, '2024-12-27 08:54:58', '2024-12-27 17:48:52'),
(118, 14, 'Meralco', '3008.94', 1, NULL, NULL, 1, '2024-12-27 08:55:09', '2024-12-27 17:40:05'),
(119, 14, 'Bebe', '2000.00', 1, NULL, NULL, 1, '2024-12-27 08:55:16', '2024-12-27 17:48:12'),
(120, 14, 'Savings', '2000.00', 1, NULL, NULL, 1, '2024-12-27 09:06:47', '2024-12-27 17:44:18'),
(121, 11, 'Case fans', '700.00', 1, NULL, NULL, 1, '2024-12-27 13:53:58', '2024-12-27 17:23:09'),
(122, 11, 'xblack', '897.00', 1, NULL, NULL, 1, '2024-12-27 14:48:49', '2024-12-27 17:47:18'),
(123, 14, 'Juice', '897.00', 1, NULL, NULL, 1, '2024-12-27 17:40:24', '2024-12-27 17:41:03'),
(124, 15, 'Jollibee', '368.00', 1, NULL, NULL, 1, '2024-12-31 05:59:26', '2025-01-01 06:31:22'),
(125, 15, 'Dominoes', '775.00', 1, NULL, NULL, 1, '2024-12-31 09:51:47', '2025-01-01 06:31:20'),
(126, 15, 'Hub n extension', '378.00', 1, NULL, NULL, 1, '2025-01-01 11:08:26', '2025-01-02 11:16:09'),
(127, 3, 'Ashlong', '1553.00', 1, NULL, '2025-01-15 00:00:00', 1, '2025-01-02 17:18:11', '2025-01-16 15:30:20'),
(128, 15, 'coax cable', '110.00', 1, NULL, NULL, 1, '2025-01-03 07:52:32', '2025-01-03 16:29:16'),
(129, 16, 'Beast flash', '1234.00', 1, NULL, NULL, 0, '2025-01-03 09:16:33', '2025-01-03 09:16:33'),
(130, 16, 'Argb to 6pin adapter', '118.00', 1, NULL, NULL, 0, '2025-01-03 09:17:02', '2025-01-03 09:17:02'),
(131, 16, 'Jungle Leopard astrobeat aio', '2849.00', 1, NULL, NULL, 0, '2025-01-03 09:20:44', '2025-01-03 09:20:44'),
(132, 16, 'Jungle leopard case fans', '329.00', 1, NULL, NULL, 0, '2025-01-03 09:26:00', '2025-01-03 09:26:00'),
(133, 3, 'Kyle', '1575.00', 1, NULL, '2025-01-15 00:00:00', 1, '2025-01-04 11:48:51', '2025-01-15 05:22:16'),
(134, 3, 'Carl', '1035.00', 1, NULL, '2025-01-10 00:00:00', 1, '2025-01-04 15:51:46', '2025-01-16 10:26:24'),
(135, 15, 'Cover', '119.00', 1, NULL, NULL, 1, '2025-01-05 08:08:02', '2025-01-15 05:29:38'),
(136, 3, 'Kyle', '3075.00', 1, NULL, '2025-01-15 00:00:00', 1, '2025-01-08 10:26:25', '2025-01-15 05:22:17'),
(137, 15, 'Dilinger’s', '3120.00', 1, NULL, NULL, 1, '2025-01-11 15:45:35', '2025-01-11 15:45:37'),
(138, 15, 'Coffee', '731.00', 1, NULL, NULL, 1, '2025-01-13 10:36:59', '2025-01-15 08:53:44'),
(139, 17, 'Koorui monitor arm', '1084.00', 1, NULL, NULL, 1, '2025-01-14 17:55:41', '2025-01-15 08:53:18'),
(140, 18, 'Parking', '500.00', 1, NULL, NULL, 1, '2025-01-15 05:26:11', '2025-01-15 20:50:09'),
(141, 18, 'Grocery', '1000.00', 1, NULL, NULL, 1, '2025-01-15 05:26:24', '2025-01-15 20:49:05'),
(142, 18, 'Juice', '1000.00', 1, NULL, NULL, 1, '2025-01-15 05:26:38', '2025-01-15 20:48:59'),
(143, 18, 'Gas', '600.00', 1, NULL, NULL, 1, '2025-01-15 05:26:47', '2025-01-15 20:49:07'),
(144, 18, 'Meralco', '3000.00', 1, NULL, NULL, 1, '2025-01-15 05:27:02', '2025-01-15 20:48:32'),
(145, 18, 'Bebe', '2000.00', 1, NULL, NULL, 1, '2025-01-15 05:27:13', '2025-01-15 20:48:24'),
(146, 18, 'Savings', '2000.00', 1, NULL, NULL, 1, '2025-01-15 05:27:35', '2025-01-15 20:48:01'),
(147, 17, 'Meralco', '2347.58', 1, NULL, NULL, 1, '2025-01-15 05:35:57', '2025-01-30 11:37:36'),
(148, 18, 'Coffee', '731.00', 1, NULL, NULL, 1, '2025-01-15 06:18:56', '2025-01-15 20:48:03'),
(151, 17, 'Xblack elite', '935.00', 1, NULL, NULL, 1, '2025-01-15 07:56:26', '2025-01-15 20:52:15'),
(152, 17, 'Meralco', '3000.00', 1, NULL, NULL, 1, '2025-01-15 08:52:52', '2025-01-15 08:53:01'),
(154, 17, 'Beast tire', '1262.00', 1, NULL, NULL, 1, '2025-01-16 11:25:59', '2025-01-18 04:50:10'),
(155, 17, 'Panoxyl', '899.00', 1, NULL, NULL, 1, '2025-01-16 13:51:08', '2025-01-18 04:47:38'),
(156, 3, 'Seb', '2035.00', 1, NULL, '2025-01-31 00:00:00', 1, '2025-01-17 11:11:59', '2025-01-18 11:46:31'),
(157, 17, 'Random shet', '99.00', 1, NULL, NULL, 1, '2025-01-18 13:56:22', '2025-01-23 06:48:33'),
(159, 17, 'Meralco ni ash', '1296.05', 1, 'Ashlong', NULL, 1, '2025-01-18 16:43:01', '2025-01-30 13:58:01'),
(160, 3, 'Seb', '2065.00', 1, NULL, '2025-02-02 00:00:00', 1, '2025-01-20 09:06:24', '2025-01-31 02:39:26'),
(161, 17, 'Sag bracket', '89.00', 1, NULL, NULL, 1, '2025-01-23 06:46:29', '2025-01-23 06:48:29'),
(162, 17, 'Love and codm', '118.00', 1, NULL, NULL, 1, '2025-01-23 06:46:54', '2025-01-23 06:48:28'),
(163, 17, 'Special cat', '724.00', 1, NULL, NULL, 1, '2025-01-25 15:30:29', '2025-01-30 11:37:39'),
(164, 19, 'Mango', '0.00', 3, 'Malaki', NULL, 0, '2025-01-26 09:38:39', '2025-01-26 09:38:39'),
(165, 19, 'Graham', '0.00', 2, NULL, NULL, 0, '2025-01-26 09:38:55', '2025-01-26 09:38:55'),
(166, 19, 'Condense', '0.00', 1, 'Medium', NULL, 0, '2025-01-26 09:40:02', '2025-01-26 09:40:02'),
(167, 3, 'Kim', '5140.00', 1, NULL, '2025-02-10 00:00:00', 1, '2025-01-26 18:17:07', '2025-02-08 10:48:34'),
(170, 20, 'Parking', '500.00', 1, NULL, NULL, 1, '2025-01-30 09:35:13', '2025-01-30 11:22:31'),
(171, 20, 'Grocery', '1000.00', 1, NULL, NULL, 1, '2025-01-30 09:35:31', '2025-01-30 11:23:05'),
(172, 20, 'Juice', '1000.00', 1, NULL, NULL, 1, '2025-01-30 09:36:03', '2025-01-30 11:23:57'),
(173, 20, 'Gas', '600.00', 1, NULL, NULL, 1, '2025-01-30 09:36:52', '2025-01-30 11:22:16'),
(174, 20, 'Meralco', '3000.00', 1, NULL, NULL, 0, '2025-01-30 09:37:01', '2025-01-30 09:37:01'),
(175, 20, 'Bebe', '2000.00', 1, NULL, NULL, 1, '2025-01-30 09:37:13', '2025-01-30 11:21:20'),
(176, 20, 'Savings', '2000.00', 1, NULL, NULL, 1, '2025-01-30 09:37:25', '2025-01-30 10:36:44'),
(177, 21, 'Xblack elite', '1077.00', 1, NULL, NULL, 1, '2025-01-30 10:41:21', '2025-01-30 11:24:02'),
(178, 21, 'Pldt', '3025.59', 1, 'Bebe', NULL, 1, '2025-01-30 10:42:11', '2025-02-16 01:51:25'),
(179, 21, 'Toothbrush', '210.00', 1, NULL, NULL, 1, '2025-01-30 11:31:43', '2025-01-30 11:32:06'),
(180, 21, 'Catfood', '237.00', 1, NULL, NULL, 1, '2025-01-30 11:31:54', '2025-01-30 11:32:03'),
(187, 21, 'foodpanda', '289.00', 1, NULL, NULL, 1, '2025-01-30 14:51:15', '2025-02-16 01:51:25'),
(188, 3, 'Kyle', '1040.00', 1, 'Only 1,015 if paid by feb 7', '2025-02-14 00:00:00', 1, '2025-02-05 04:11:29', '2025-02-17 12:38:29'),
(189, 3, 'Kath', '1515.00', 1, NULL, NULL, 0, '2025-02-08 14:32:26', '2025-03-09 16:46:26'),
(190, 3, 'Carl', '3165.00', 1, NULL, '2025-03-17 00:00:00', 1, '2025-02-08 17:36:28', '2025-03-19 13:28:52'),
(191, 3, 'Seb', '5202.50', 1, NULL, '2025-03-03 00:00:00', 1, '2025-02-13 02:54:20', '2025-02-28 09:41:35'),
(192, 22, 'Meralco', '3000.00', 1, NULL, NULL, 1, '2025-02-13 09:26:19', '2025-02-17 04:17:36'),
(193, 22, 'Parking', '500.00', 1, NULL, NULL, 1, '2025-02-13 09:26:29', '2025-02-14 10:58:55'),
(194, 22, 'Grocery', '1000.00', 1, NULL, NULL, 1, '2025-02-13 09:26:37', '2025-02-14 10:58:53'),
(195, 22, 'Juice', '1000.00', 1, NULL, NULL, 1, '2025-02-13 09:26:44', '2025-02-16 01:48:12'),
(196, 22, 'Gas', '600.00', 1, NULL, NULL, 1, '2025-02-13 09:26:56', '2025-02-14 11:00:28'),
(197, 22, 'Bebe', '2000.00', 1, NULL, NULL, 1, '2025-02-13 09:27:14', '2025-02-16 01:48:25'),
(198, 22, 'Savings', '2000.00', 1, NULL, NULL, 1, '2025-02-13 09:27:25', '2025-02-14 11:12:02'),
(199, 22, 'PLDT ni bebe', '1500.00', 1, NULL, NULL, 1, '2025-02-13 09:28:00', '2025-02-16 01:51:31'),
(200, 23, 'Sagada Arabica', '731.00', 1, NULL, NULL, 0, '2025-02-14 10:30:24', '2025-02-14 10:30:24'),
(202, 23, 'Meralco', '3000.00', 1, NULL, NULL, 1, '2025-02-16 01:56:25', '2025-02-17 04:08:02'),
(203, 23, 'Meralco', '1781.18', 1, NULL, NULL, 0, '2025-02-16 01:56:37', '2025-02-16 01:56:37'),
(204, 23, 'Special cat urinary', '1223.00', 1, NULL, NULL, 0, '2025-02-16 02:18:53', '2025-02-16 02:18:53'),
(205, 23, 'Kitcat', '245.00', 1, NULL, NULL, 1, '2025-02-16 02:28:57', '2025-02-17 04:09:17'),
(206, 3, 'Seb', '1040.00', 1, NULL, '2025-03-03 00:00:00', 1, '2025-02-17 12:30:41', '2025-02-28 09:41:35'),
(207, 3, 'Khel', '1215.00', 1, NULL, '2025-02-21 00:00:00', 1, '2025-02-19 09:25:20', '2025-03-12 06:49:27'),
(208, 23, 'Tissue', '122.00', 1, NULL, NULL, 0, '2025-02-19 11:46:16', '2025-02-22 06:10:29'),
(209, 24, 'CC Bill', '3857.00', 1, NULL, NULL, 1, '2025-02-25 03:37:34', '2025-02-28 16:02:26'),
(210, 24, 'Parking', '500.00', 1, NULL, NULL, 1, '2025-02-25 03:40:11', '2025-03-02 11:56:33'),
(211, 24, 'Grocery', '1000.00', 1, NULL, NULL, 1, '2025-02-25 03:44:56', '2025-02-28 11:13:35'),
(212, 24, 'Juice', '1000.00', 1, NULL, NULL, 1, '2025-02-25 03:45:06', '2025-02-28 11:13:38'),
(213, 24, 'Gas', '600.00', 1, NULL, NULL, 1, '2025-02-25 03:45:20', '2025-02-28 11:15:31'),
(214, 24, 'Bebe', '2000.00', 1, NULL, NULL, 1, '2025-02-25 03:45:32', '2025-03-02 11:56:33'),
(215, 24, 'Savings', '2000.00', 1, NULL, NULL, 1, '2025-02-25 03:45:40', '2025-02-28 11:15:36'),
(216, 13, 'Ketchup', '0.00', 1, NULL, NULL, 0, '2025-02-28 09:51:52', '2025-02-28 09:51:52'),
(220, 3, 'Seb', '10015.00', 1, NULL, '2025-03-02 00:00:00', 1, '2025-03-01 01:42:09', '2025-03-02 06:02:32'),
(221, 25, 'Bikini', '406.00', 1, NULL, NULL, 1, '2025-03-02 11:57:11', '2025-03-03 03:30:53'),
(222, 25, 'Maybelline', '278.00', 1, NULL, NULL, 1, '2025-03-03 08:49:48', '2025-03-04 22:32:33'),
(223, 25, 'Ysl libre', '265.00', 1, NULL, NULL, 1, '2025-03-03 08:51:20', '2025-03-04 22:32:32'),
(224, 25, 'Sando', '159.00', 1, NULL, NULL, 1, '2025-03-05 00:40:45', '2025-03-06 09:20:40'),
(225, 25, 'Picnic blanket', '203.00', 1, NULL, NULL, 1, '2025-03-06 09:20:34', '2025-03-06 09:20:37'),
(226, 3, 'Kath', '1015.00', 1, NULL, NULL, 1, '2025-03-07 16:37:11', '2025-09-13 06:47:25'),
(227, 3, 'Seb', '5150.00', 1, NULL, '2025-04-04 00:00:00', 1, '2025-03-12 06:52:07', '2025-04-01 03:26:28'),
(228, 26, 'Parking', '500.00', 1, NULL, NULL, 1, '2025-03-14 11:23:20', '2025-03-15 00:27:01'),
(229, 26, 'Grocery', '1000.00', 1, NULL, NULL, 1, '2025-03-14 11:23:30', '2025-03-15 02:42:00'),
(230, 26, 'Juice', '1000.00', 1, NULL, NULL, 1, '2025-03-14 11:23:48', '2025-03-15 02:41:58'),
(231, 26, 'Gas', '600.00', 1, NULL, NULL, 1, '2025-03-14 11:23:54', '2025-03-15 02:41:58'),
(232, 26, 'Meralco', '3000.00', 1, NULL, NULL, 1, '2025-03-14 11:24:20', '2025-03-15 02:41:33'),
(233, 26, 'Savings', '3000.00', 1, NULL, NULL, 1, '2025-03-14 11:24:28', '2025-03-14 11:28:04'),
(234, 27, 'Meralco', '3000.00', 1, NULL, NULL, 1, '2025-03-14 11:34:25', '2025-03-19 07:51:25'),
(235, 27, 'Meralco', '1685.53', 1, NULL, NULL, 0, '2025-03-14 11:34:49', '2025-03-14 11:34:49'),
(236, 27, 'Baseus earphones', '629.00', 1, NULL, NULL, 1, '2025-03-14 23:18:24', '2025-03-20 10:23:32'),
(240, 3, 'Janjan', '515.00', 1, NULL, '2025-03-25 00:00:00', 1, '2025-03-16 21:47:43', '2025-04-28 06:47:34'),
(241, 27, 'Sleeping Pills', '204.00', 1, NULL, NULL, 1, '2025-03-21 02:25:44', '2025-03-22 04:43:31'),
(242, 27, 'Peculiar glasses', '448.00', 1, NULL, NULL, 1, '2025-03-21 14:23:32', '2025-03-22 04:43:30'),
(243, 27, 'Rubik’s cube', '81.00', 1, NULL, NULL, 1, '2025-03-22 04:40:47', '2025-03-22 04:43:29'),
(244, 27, 'dumbell', '136.00', 1, NULL, NULL, 0, '2025-03-25 07:04:01', '2025-03-25 07:04:01'),
(245, 3, 'Seb', '2525.00', 1, NULL, '2025-04-04 00:00:00', 1, '2025-03-25 15:02:22', '2025-04-01 03:26:26'),
(246, 3, 'Kyle', '6015.00', 1, '60 pesos if mar 31. 180 if mar 15', '2025-04-15 00:00:00', 1, '2025-03-27 04:00:44', '2025-03-28 12:56:53'),
(247, 27, 'Special cat urinary', '1058.00', 1, NULL, NULL, 0, '2025-03-28 05:36:41', '2025-03-28 05:36:41'),
(248, 28, 'Parking', '750.00', 1, NULL, NULL, 1, '2025-03-28 07:45:05', '2025-03-31 20:51:40'),
(249, 28, 'Grocery', '1000.00', 1, NULL, NULL, 1, '2025-03-28 07:45:17', '2025-03-31 20:49:28'),
(250, 28, 'Juice', '1000.00', 1, NULL, NULL, 0, '2025-03-28 07:45:22', '2025-03-28 07:45:56'),
(251, 28, 'Gas', '600.00', 1, NULL, NULL, 1, '2025-03-28 07:45:33', '2025-03-31 20:51:41'),
(252, 28, 'Meralco', '3000.00', 1, NULL, NULL, 1, '2025-03-28 07:45:41', '2025-04-02 06:07:24'),
(253, 28, 'Savings', '3000.00', 1, NULL, NULL, 1, '2025-03-28 07:45:49', '2025-03-28 13:01:47'),
(254, 3, 'Kyle', '4315.00', 1, NULL, '2025-05-15 00:00:00', 1, '2025-03-30 14:30:01', '2025-05-08 12:21:31'),
(255, 27, 'Arabica', '700.00', 1, NULL, NULL, 0, '2025-03-31 01:33:11', '2025-03-31 01:33:11'),
(258, 29, 'Oil', '0.00', 1, NULL, NULL, 0, '2025-03-31 08:43:34', '2025-03-31 08:43:34'),
(260, 29, 'Downy', '0.00', 1, NULL, NULL, 0, '2025-03-31 08:43:49', '2025-03-31 08:43:49'),
(261, 29, 'Detergent', '0.00', 1, NULL, NULL, 0, '2025-03-31 08:43:57', '2025-04-16 08:34:10'),
(262, 29, 'Soap', '0.00', 1, NULL, NULL, 0, '2025-03-31 08:44:00', '2025-03-31 08:44:00'),
(264, 30, 'Coffee', '700.00', 1, NULL, NULL, 1, '2025-04-05 05:29:17', '2025-04-16 08:27:39'),
(265, 30, 'Shirt', '152.00', 1, NULL, NULL, 1, '2025-04-05 05:29:29', '2025-04-16 08:27:40'),
(266, 30, 'Tissue', '132.00', 1, NULL, NULL, 1, '2025-04-05 05:29:41', '2025-04-16 08:27:41'),
(267, 3, 'Seb', '3150.00', 1, NULL, '2025-05-05 00:00:00', 1, '2025-04-10 06:06:46', '2025-05-01 05:19:18'),
(268, 30, 'Pickup coffee', '377.00', 1, NULL, NULL, 1, '2025-04-10 12:43:31', '2025-04-10 14:02:50'),
(269, 3, 'Carl', '3127.00', 1, NULL, '2025-04-30 00:00:00', 1, '2025-04-12 04:15:46', '2025-04-30 08:37:14'),
(270, 31, 'Juice', '1500.00', 1, NULL, NULL, 1, '2025-04-14 05:25:28', '2025-04-16 11:55:06'),
(271, 31, 'Gas', '600.00', 1, NULL, NULL, 1, '2025-04-14 05:25:44', '2025-04-16 11:55:06'),
(272, 31, 'Grocery', '1300.00', 1, NULL, NULL, 1, '2025-04-14 05:25:50', '2025-04-16 11:54:03'),
(273, 31, 'Meralco', '3000.00', 1, NULL, NULL, 1, '2025-04-14 05:26:01', '2025-04-16 11:54:02'),
(274, 31, 'Savings', '3000.00', 1, NULL, NULL, 1, '2025-04-14 05:26:07', '2025-04-16 11:56:39'),
(275, 31, 'Cc bill', '1000.00', 1, NULL, NULL, 1, '2025-04-14 05:26:19', '2025-04-16 11:56:41'),
(276, 3, 'Carl', '2065.00', 1, NULL, '2025-04-30 00:00:00', 1, '2025-04-14 14:51:58', '2025-04-30 08:37:16'),
(277, 3, 'Seb', '3090.00', 1, NULL, '2025-05-05 00:00:00', 1, '2025-04-15 06:53:55', '2025-05-01 05:19:17'),
(278, 32, 'gray pants', '120.00', 1, NULL, NULL, 1, '2025-04-16 08:28:45', '2025-04-16 11:57:31'),
(279, 32, 'black shoes', '449.00', 1, NULL, NULL, 1, '2025-04-16 08:33:10', '2025-04-16 11:57:30'),
(282, 31, 'Parking', '750.00', 1, NULL, NULL, 1, '2025-04-16 11:55:18', '2025-04-16 11:55:46'),
(283, 32, 'Meralco', '3000.00', 1, NULL, NULL, 1, '2025-04-16 12:01:32', '2025-04-16 12:01:46'),
(284, 32, 'Meralco', '3049.22', 1, NULL, NULL, 1, '2025-04-16 12:01:44', '2025-05-07 04:45:16'),
(285, 3, 'Kath', '5030.00', 1, NULL, NULL, 1, '2025-04-19 03:05:39', '2025-04-25 15:03:51'),
(286, 3, 'Seb', '2050.00', 1, NULL, '2025-05-05 00:00:00', 1, '2025-04-20 14:05:36', '2025-05-01 05:19:14'),
(287, 3, 'Seb', '2562.00', 1, NULL, '2025-05-05 00:00:00', 1, '2025-04-21 05:54:15', '2025-05-17 16:15:56'),
(288, 3, 'Mallar', '605.00', 1, NULL, '2025-05-28 00:00:00', 1, '2025-04-21 11:00:13', '2025-05-28 12:12:46'),
(289, 32, 'Meralco ni ash', '1396.17', 1, NULL, NULL, 1, '2025-04-21 15:47:07', '2025-05-07 04:45:17'),
(291, 3, 'Aj', '500.00', 1, NULL, '2025-04-26 00:00:00', 1, '2025-04-22 13:55:59', '2025-04-25 11:59:13'),
(292, 3, 'Mallar', '485.00', 1, NULL, '2025-05-28 00:00:00', 1, '2025-04-28 06:44:41', '2025-04-28 06:45:17'),
(293, 33, 'Juice', '1500.00', 1, NULL, NULL, 1, '2025-04-29 14:54:30', '2025-05-01 07:01:34'),
(294, 33, 'Gas', '500.00', 1, NULL, NULL, 1, '2025-04-29 14:54:38', '2025-05-01 07:01:36'),
(295, 33, 'Grocery', '1200.00', 1, NULL, NULL, 1, '2025-04-29 14:54:52', '2025-05-01 07:01:09'),
(296, 33, 'Meralco', '3000.00', 1, NULL, NULL, 1, '2025-04-29 14:55:17', '2025-05-01 07:48:20'),
(297, 33, 'Savings', '3000.00', 1, NULL, NULL, 1, '2025-04-29 14:55:45', '2025-04-30 09:39:11'),
(298, 33, 'Parking', '750.00', 1, NULL, NULL, 1, '2025-04-29 14:56:01', '2025-05-01 07:00:01'),
(299, 3, 'Aj', '270.00', 1, NULL, '2025-05-10 00:00:00', 1, '2025-04-30 13:56:31', '2025-05-23 13:43:19'),
(300, 34, 'Kim', '888.00', 1, NULL, NULL, 1, '2025-05-01 06:03:49', '2025-05-04 18:09:55'),
(301, 34, 'Crown shirt', '161.00', 1, NULL, NULL, 1, '2025-05-01 06:09:17', '2025-05-01 07:04:10'),
(302, 29, 'Sugar', '0.00', 1, '1/2', NULL, 0, '2025-05-02 07:55:33', '2025-05-02 07:55:33'),
(303, 34, 'Black elite', '360.00', 1, NULL, NULL, 1, '2025-05-02 09:49:07', '2025-05-02 09:50:08'),
(304, 3, 'Ash', '200.00', 1, NULL, '2025-05-06 00:00:00', 1, '2025-05-04 14:15:40', '2025-05-06 13:48:30'),
(305, 3, 'Aj', '5958.00', 1, NULL, '2025-05-09 00:00:00', 1, '2025-05-04 20:06:52', '2025-05-09 05:48:56'),
(308, 3, 'Aj', '500.00', 1, 'From payroll', '2025-06-25 00:00:00', 1, '2025-05-05 12:20:30', '2025-06-09 14:31:22'),
(309, 3, 'Seb', '5265.00', 1, NULL, '2025-06-05 00:00:00', 1, '2025-05-06 08:14:50', '2025-06-02 15:17:02'),
(310, 34, 'black', '360.00', 1, NULL, NULL, 0, '2025-05-07 04:46:04', '2025-05-07 04:46:04'),
(311, 3, 'Aj', '1127.00', 1, NULL, '2025-06-10 00:00:00', 1, '2025-05-07 13:13:53', '2025-06-09 14:31:20'),
(312, 3, 'Aj', '515.00', 1, NULL, '2025-05-08 00:00:00', 1, '2025-05-07 16:21:35', '2025-05-09 05:48:55'),
(313, 36, 'Juice', '1500.00', 1, NULL, NULL, 1, '2025-05-08 14:42:15', '2025-05-15 10:19:19'),
(314, 36, 'Gas', '500.00', 1, NULL, NULL, 1, '2025-05-08 14:42:24', '2025-05-15 10:19:19'),
(315, 36, 'Grocery', '1200.00', 1, NULL, NULL, 1, '2025-05-08 14:42:35', '2025-05-15 10:16:12'),
(316, 36, 'Meralco', '3200.00', 1, NULL, NULL, 1, '2025-05-08 14:42:47', '2025-05-15 16:17:13'),
(317, 36, 'Savings', '3000.00', 1, NULL, NULL, 1, '2025-05-08 14:42:58', '2025-05-14 12:37:20'),
(318, 36, 'Parking', '750.00', 1, NULL, NULL, 1, '2025-05-08 14:43:09', '2025-05-15 10:19:39'),
(319, 3, 'Seb', '1575.00', 1, NULL, '2025-06-05 00:00:00', 1, '2025-05-09 11:06:04', '2025-06-02 15:17:00'),
(320, 37, 'Coffee', '400.00', 1, NULL, NULL, 1, '2025-05-13 08:40:30', '2025-05-15 10:15:22'),
(321, 36, 'Bday', '2500.00', 1, NULL, NULL, 1, '2025-05-14 10:49:23', '2025-05-15 10:16:22'),
(322, 36, 'Batangas', '2500.00', 1, NULL, NULL, 1, '2025-05-14 10:49:30', '2025-05-15 10:16:16'),
(323, 36, 'Cake ni mama', '300.00', 1, NULL, NULL, 1, '2025-05-14 10:51:05', '2025-05-15 10:20:26'),
(324, 36, 'Catfood', '560.00', 1, NULL, NULL, 1, '2025-05-14 10:51:25', '2025-05-15 10:20:25'),
(325, 36, 'Coffee', '400.00', 1, NULL, NULL, 1, '2025-05-14 11:04:08', '2025-05-15 10:16:50'),
(326, 37, 'Ariete', '207.00', 1, NULL, NULL, 1, '2025-05-14 12:48:38', '2025-05-15 14:32:20'),
(327, 3, 'Seb', '1556.25', 1, NULL, '2025-06-05 00:00:00', 1, '2025-05-15 06:25:32', '2025-06-02 15:17:01'),
(328, 37, 'Black elite', '360.00', 1, NULL, NULL, 1, '2025-05-15 08:05:46', '2025-05-15 10:14:04'),
(329, 38, 'Sugar', '51.00', 1, '1/2kg', NULL, 0, '2025-05-15 08:45:25', '2025-10-30 08:17:26'),
(330, 38, 'Oil', '121.75', 1, NULL, NULL, 1, '2025-05-15 08:45:29', '2025-10-14 12:43:11'),
(331, 38, 'Sardines', '24.25', 2, NULL, NULL, 1, '2025-05-15 08:45:39', '2025-09-30 13:06:43'),
(332, 38, 'Century tuna', '34.95', 2, '1 can only', NULL, 1, '2025-05-15 08:45:47', '2025-09-30 13:05:40'),
(333, 38, 'Corned beef', '40.25', 2, NULL, NULL, 0, '2025-05-15 08:45:55', '2025-10-30 08:17:05'),
(334, 38, 'Downy', '158.00', 1, NULL, NULL, 1, '2025-05-15 08:46:20', '2025-10-30 08:21:09'),
(336, 38, 'Soap', '31.00', 3, '1 pc', NULL, 1, '2025-05-15 08:46:38', '2025-10-14 12:52:19'),
(339, 38, 'Pocari', '0.00', 1, NULL, NULL, 1, '2025-05-15 08:47:33', '2025-08-14 12:05:04'),
(342, 38, 'Cheesewhiz', '29.50', 1, NULL, NULL, 1, '2025-05-15 09:30:44', '2025-08-14 11:51:34'),
(343, 37, 'coffee', '385.00', 1, 'Transfer 500 to other BPI account', NULL, 1, '2025-05-15 10:15:10', '2025-05-29 18:04:16'),
(344, 3, 'Clyde', '1533.75', 1, NULL, '2025-05-22 00:00:00', 1, '2025-05-15 11:01:50', '2025-05-24 07:47:28'),
(345, 37, 'Crown shirts', '384.00', 1, NULL, NULL, 1, '2025-05-15 11:25:43', '2025-05-15 14:33:11'),
(346, 37, 'Perfume', '79.00', 1, NULL, NULL, 1, '2025-05-15 11:25:59', '2025-05-15 14:33:39'),
(347, 37, 'Meralco', '3235.76', 1, NULL, NULL, 1, '2025-05-16 13:26:34', '2025-05-29 18:04:14'),
(348, 37, 'Meralco', '3200.00', 1, NULL, NULL, 1, '2025-05-16 13:26:49', '2025-05-16 13:26:53'),
(349, 37, 'flask', '130.00', 1, NULL, NULL, 1, '2025-05-17 07:01:21', '2025-05-17 07:03:19'),
(350, 37, 'catfood', '752.00', 1, NULL, NULL, 1, '2025-05-17 07:06:20', '2025-05-29 18:04:11'),
(351, 37, 'catfood', '500.00', 1, NULL, NULL, 1, '2025-05-17 07:06:49', '2025-05-17 07:06:51'),
(352, 37, 'Pants', '449.00', 1, NULL, NULL, 1, '2025-05-17 12:57:30', '2025-05-22 16:11:39'),
(353, 3, 'Seb', '2562.50', 1, NULL, '2025-06-05 00:00:00', 1, '2025-05-17 16:15:44', '2025-06-02 15:17:03'),
(354, 3, 'Aj', '1010.00', 1, NULL, '2025-05-24 00:00:00', 1, '2025-05-19 15:55:25', '2025-05-23 13:43:20'),
(355, 37, 'cuervo', '1091.00', 1, NULL, NULL, 1, '2025-05-19 16:58:48', '2025-05-19 17:01:15'),
(356, 37, 'Pizza', '764.00', 1, NULL, NULL, 1, '2025-05-22 10:39:56', '2025-05-22 16:11:38'),
(357, 37, 'Belt', '274.00', 1, NULL, NULL, 1, '2025-05-23 15:39:57', '2025-05-29 18:04:12'),
(358, 3, 'Kyle', '6090.00', 1, NULL, '2025-05-30 00:00:00', 1, '2025-05-24 09:11:52', '2025-05-27 08:19:43'),
(359, 37, 'black elite', '765.00', 1, NULL, NULL, 1, '2025-05-24 10:45:11', '2025-05-27 10:46:54'),
(360, 3, 'Seb', '1331.25', 1, NULL, '2025-06-05 00:00:00', 1, '2025-05-26 12:55:32', '2025-06-02 15:17:05'),
(361, 37, 'Socks', '244.00', 1, NULL, NULL, 1, '2025-05-27 07:30:06', '2025-05-27 10:50:27'),
(362, 3, 'Ash', '200.00', 1, NULL, '2025-05-30 00:00:00', 1, '2025-05-27 17:25:50', '2025-06-09 14:34:45'),
(363, 3, 'Aj', '513.30', 1, NULL, '2025-06-25 00:00:00', 1, '2025-05-28 13:52:59', '2025-08-11 13:29:35'),
(364, 39, 'Juice', '1500.00', 1, NULL, NULL, 1, '2025-05-29 17:31:24', '2025-05-29 17:37:00'),
(365, 39, 'Gas', '500.00', 1, NULL, NULL, 1, '2025-05-29 17:31:32', '2025-05-29 17:37:01'),
(366, 39, 'Grocery', '1200.00', 1, NULL, NULL, 1, '2025-05-29 17:31:43', '2025-05-29 17:38:45'),
(367, 39, 'Meralco', '3200.00', 1, NULL, NULL, 1, '2025-05-29 17:31:54', '2025-05-29 17:38:56'),
(368, 39, 'PCX', '3000.00', 1, NULL, NULL, 1, '2025-05-29 17:32:10', '2025-05-29 18:03:18'),
(369, 39, 'Parking', '750.00', 1, NULL, NULL, 1, '2025-05-29 17:32:38', '2025-05-29 17:40:57'),
(370, 39, 'Coffee', '385.00', 1, NULL, NULL, 1, '2025-05-29 17:33:01', '2025-05-29 17:45:03'),
(371, 39, 'Catfood', '150.00', 1, NULL, NULL, 1, '2025-05-29 17:33:22', '2025-05-29 17:58:16'),
(372, 39, 'Belt', '274.00', 1, NULL, NULL, 1, '2025-05-29 17:33:54', '2025-05-29 17:58:14'),
(373, 40, 'Oil', '320.00', 1, NULL, NULL, 1, '2025-05-30 04:33:06', '2025-05-30 15:30:37'),
(374, 38, 'Detergent', '198.00', 1, NULL, NULL, 1, '2025-05-30 06:35:32', '2025-10-30 09:15:54'),
(375, 38, 'Conditioner', '147.00', 1, NULL, NULL, 1, '2025-05-30 06:36:21', '2025-08-14 11:58:46'),
(376, 38, 'Alcohol', '51.75', 1, NULL, NULL, 1, '2025-05-30 08:23:20', '2025-10-14 12:52:07'),
(377, 40, 'Black elite', '360.00', 1, NULL, NULL, 1, '2025-05-30 13:59:52', '2025-05-30 15:30:37'),
(378, 40, 'phone stand', '26.00', 1, NULL, NULL, 1, '2025-05-30 14:21:03', '2025-05-30 15:30:36'),
(379, 40, 'charger', '92.00', 1, NULL, NULL, 1, '2025-05-30 14:21:12', '2025-05-30 15:30:36'),
(380, 40, 'tissue', '79.00', 1, NULL, NULL, 1, '2025-05-30 14:24:41', '2025-05-30 15:30:35'),
(382, 3, 'Axel', '415.00', 1, NULL, '2025-06-02 00:00:00', 1, '2025-06-01 16:26:17', '2025-06-07 09:39:56'),
(385, 40, 'Lotion', '140.00', 1, NULL, NULL, 1, '2025-06-02 09:54:31', '2025-06-03 14:30:26'),
(386, 40, 'rad cover', '209.00', 1, NULL, NULL, 1, '2025-06-03 14:13:45', '2025-06-03 14:30:25'),
(387, 40, 'Panel protector', '88.00', 1, NULL, NULL, 1, '2025-06-03 14:14:57', '2025-06-03 14:30:25'),
(388, 40, 'guitar string', '118.00', 1, NULL, NULL, 1, '2025-06-03 14:29:15', '2025-06-03 14:30:19'),
(389, 3, 'Aj', '385.00', 1, NULL, '2025-06-10 00:00:00', 1, '2025-06-07 16:31:53', '2025-06-09 14:31:19'),
(390, 3, 'Maki', '5000.00', 1, NULL, '2025-06-20 00:00:00', 1, '2025-06-09 19:30:56', '2025-06-15 12:34:50'),
(391, 3, 'Mallar', '1052.50', 1, NULL, '2025-06-30 00:00:00', 1, '2025-06-10 14:04:51', '2025-06-27 21:31:00'),
(392, 41, 'Juice', '400.00', 1, NULL, NULL, 1, '2025-06-11 05:06:43', '2025-06-13 15:34:47'),
(393, 41, 'Gas', '500.00', 1, NULL, NULL, 1, '2025-06-11 05:06:51', '2025-06-13 15:34:47'),
(394, 41, 'Grocery', '1200.00', 1, NULL, NULL, 1, '2025-06-11 05:09:46', '2025-06-13 15:23:43'),
(395, 41, 'Meralco', '3200.00', 1, NULL, NULL, 1, '2025-06-11 05:10:04', '2025-06-13 10:56:04'),
(396, 41, 'PCX', '3000.00', 1, NULL, NULL, 1, '2025-06-11 05:10:31', '2025-06-13 11:01:20'),
(397, 41, 'Parking', '750.00', 1, NULL, NULL, 1, '2025-06-11 05:10:44', '2025-06-13 15:23:42'),
(398, 3, 'Seb', '1037.00', 1, NULL, '2025-07-05 00:00:00', 1, '2025-06-11 11:32:26', '2025-07-01 12:07:41'),
(399, 41, 'Coffee', '700.00', 1, NULL, NULL, 1, '2025-06-12 04:56:38', '2025-06-13 10:55:15'),
(400, 3, 'Aj', '682.00', 1, NULL, '2025-07-10 00:00:00', 1, '2025-06-12 08:59:46', '2025-09-13 06:47:10'),
(401, 40, 'Spray bottle', '40.00', 1, NULL, NULL, 1, '2025-06-13 07:57:26', '2025-06-13 10:53:20'),
(402, 40, 'vaseline', '164.00', 1, NULL, NULL, 1, '2025-06-13 07:59:06', '2025-06-13 10:53:20'),
(403, 40, 'raincoat', '367.00', 1, NULL, NULL, 1, '2025-06-13 07:59:31', '2025-06-13 10:53:20'),
(404, 40, 'Boxers', '221.00', 1, NULL, NULL, 1, '2025-06-13 10:32:42', '2025-06-13 10:53:19'),
(405, 40, 'Black elite', '720.00', 1, NULL, NULL, 1, '2025-06-13 10:43:40', '2025-06-13 10:53:18'),
(406, 41, 'Juice', '1100.00', 1, NULL, NULL, 1, '2025-06-13 10:48:30', '2025-06-13 10:48:38'),
(407, 3, 'Seb', '2050.00', 1, NULL, '2025-07-05 00:00:00', 1, '2025-06-13 22:22:55', '2025-07-01 12:07:42'),
(408, 40, 'Mannered pants', '225.00', 1, NULL, NULL, 1, '2025-06-14 20:59:08', '2025-06-16 08:35:17'),
(409, 40, 'Meralco', '3158.12', 1, NULL, NULL, 1, '2025-06-16 08:34:46', '2025-06-27 11:00:46'),
(410, 40, 'Meralco', '3200.00', 1, NULL, NULL, 1, '2025-06-16 08:34:53', '2025-06-16 08:34:56'),
(411, 3, 'Seb', '3075.00', 1, NULL, '2025-07-05 00:00:00', 1, '2025-06-16 13:37:01', '2025-07-01 12:07:43'),
(412, 40, 'Coaster', '61.00', 1, NULL, NULL, 1, '2025-06-17 14:29:20', '2025-06-18 14:45:58'),
(413, 3, 'Seb', '3075.00', 1, NULL, '2025-07-05 00:00:00', 1, '2025-06-17 15:28:14', '2025-07-01 12:07:40'),
(414, 40, 'Installment', '3483.33', 1, NULL, NULL, 1, '2025-06-18 04:28:18', '2025-07-06 09:43:07'),
(415, 40, 'Fragrance lab', '169.00', 1, NULL, NULL, 1, '2025-06-18 04:31:59', '2025-06-18 14:45:57'),
(416, 40, 'Sea Salt Spray', '228.00', 1, NULL, NULL, 1, '2025-06-18 04:32:10', '2025-06-18 14:45:56'),
(417, 3, 'Seb', '527.00', 1, NULL, '2025-07-05 00:00:00', 1, '2025-06-22 11:43:37', '2025-07-01 12:07:39'),
(418, 40, 'Laundry bag', '100.00', 1, NULL, NULL, 1, '2025-06-23 20:06:53', '2025-06-24 10:50:04'),
(419, 40, 'Landry bag', '69.00', 1, NULL, NULL, 1, '2025-06-24 10:49:54', '2025-06-27 11:00:02'),
(420, 3, 'Stephen', '1128.00', 1, 'Transfer from payroll to 3282 this is for vape', '2025-06-27 00:00:00', 1, '2025-06-26 12:07:37', '2025-06-27 21:31:06'),
(421, 42, 'Juice', '1128.00', 1, 'Transfer to savings', NULL, 1, '2025-06-26 12:12:34', '2025-06-27 10:59:36'),
(422, 42, 'Gas', '500.00', 1, NULL, NULL, 1, '2025-06-26 12:12:41', '2025-06-27 13:12:20'),
(423, 42, 'Grocery', '1200.00', 1, NULL, NULL, 1, '2025-06-26 12:12:50', '2025-06-27 13:11:49'),
(424, 42, 'Meralco', '3200.00', 1, NULL, NULL, 1, '2025-06-26 12:13:13', '2025-06-27 11:00:44'),
(425, 42, 'PCX', '3000.00', 1, NULL, NULL, 1, '2025-06-26 12:13:24', '2025-06-27 11:01:46'),
(426, 42, 'Parking', '750.00', 1, NULL, NULL, 1, '2025-06-26 12:13:35', '2025-06-27 13:12:56'),
(427, 42, 'Soap', '225.00', 1, 'Transfer to savings', NULL, 1, '2025-06-27 09:55:09', '2025-06-27 10:59:35'),
(428, 40, 'Soap', '225.00', 1, NULL, NULL, 1, '2025-06-27 09:56:36', '2025-06-27 11:00:03'),
(429, 42, 'Laundry bag', '69.00', 1, 'Transfer to savings', NULL, 1, '2025-06-27 09:56:55', '2025-06-27 10:59:34'),
(430, 40, 'Electric shaver', '100.00', 1, NULL, NULL, 1, '2025-06-27 09:58:56', '2025-06-27 11:00:04'),
(431, 42, 'Electric shaver', '100.00', 1, 'Transfer to savings', NULL, 1, '2025-06-27 09:59:12', '2025-06-27 10:59:34'),
(432, 42, 'Sunscreen', '249.00', 1, 'Transfer to savings', NULL, 1, '2025-06-27 10:07:12', '2025-06-27 10:59:33'),
(433, 40, 'Sunscreen', '249.00', 1, NULL, NULL, 1, '2025-06-27 10:07:30', '2025-06-27 11:00:05'),
(434, 38, 'Dishwashing', '0.00', 1, NULL, NULL, 1, '2025-06-27 11:13:01', '2025-09-30 13:10:10'),
(435, 38, 'Toothpaste', '0.00', 1, NULL, NULL, 0, '2025-06-27 11:26:59', '2025-10-30 08:20:42'),
(436, 43, 'Decants', '318.00', 1, NULL, NULL, 1, '2025-06-30 06:33:34', '2025-07-14 12:26:54'),
(437, 43, 'guitar stand', '38.00', 1, NULL, NULL, 1, '2025-06-30 18:51:50', '2025-07-14 12:26:53'),
(438, 43, 'capo', '49.00', 1, NULL, NULL, 1, '2025-06-30 18:56:00', '2025-07-14 12:26:53'),
(439, 3, 'Maki', '1015.00', 1, NULL, NULL, 1, '2025-07-01 18:23:33', '2025-08-29 06:06:01'),
(440, 43, 'Glico pudding ni bi', '427.00', 1, NULL, NULL, 1, '2025-07-01 22:54:36', '2025-07-14 12:26:53'),
(441, 3, 'Kath', '3483.33', 1, 'Iphone hulog', NULL, 0, '2025-07-02 17:38:54', '2025-07-02 17:38:54'),
(442, 43, 'Father and son perfume', '653.00', 1, NULL, NULL, 1, '2025-07-02 17:47:51', '2025-07-14 12:26:52'),
(443, 3, 'Ash', '7200.00', 1, NULL, '2025-07-15 00:00:00', 1, '2025-07-03 07:32:13', '2025-08-01 06:12:58'),
(444, 43, 'Fragrancelab ni mama', '231.00', 1, NULL, NULL, 1, '2025-07-03 12:07:37', '2025-07-14 12:26:52'),
(445, 43, 'Tissue', '120.00', 1, NULL, NULL, 1, '2025-07-06 08:48:54', '2025-07-14 12:26:52'),
(446, 43, 'Vaseline', '99.00', 1, NULL, NULL, 1, '2025-07-06 17:11:27', '2025-07-14 12:26:51'),
(447, 43, 'Valentino decant', '132.00', 1, NULL, NULL, 1, '2025-07-06 17:11:38', '2025-07-14 12:26:51'),
(449, 43, 'Fabcon', '166.00', 1, NULL, NULL, 1, '2025-07-07 12:37:17', '2025-07-14 12:26:50'),
(450, 43, 'Crocs', '428.00', 1, NULL, NULL, 1, '2025-07-07 12:40:07', '2025-07-14 12:26:17'),
(451, 44, 'Juice', '1000.00', 1, NULL, NULL, 1, '2025-07-08 08:04:43', '2025-07-12 19:00:40'),
(452, 44, 'Gas', '500.00', 1, NULL, NULL, 1, '2025-07-08 08:05:00', '2025-07-14 12:25:21'),
(453, 44, 'Grocery', '1200.00', 1, NULL, NULL, 1, '2025-07-08 08:05:12', '2025-07-14 12:23:48'),
(454, 44, 'Meralco', '3000.00', 1, 'transferred to savings', NULL, 1, '2025-07-08 08:05:25', '2025-07-14 12:38:21'),
(455, 44, 'PCX', '3000.00', 1, NULL, NULL, 1, '2025-07-08 08:05:39', '2025-07-14 12:33:20'),
(456, 44, 'Parking', '750.00', 1, NULL, NULL, 1, '2025-07-08 08:05:45', '2025-07-14 12:22:55'),
(457, 44, 'CC Bill', '3849.00', 1, NULL, NULL, 1, '2025-07-08 08:06:35', '2025-07-14 12:28:33'),
(458, 44, 'Bip ni marge', '1150.00', 1, NULL, NULL, 1, '2025-07-11 05:31:09', '2025-07-14 12:34:38'),
(461, 43, 'Funky monkey pod', '807.00', 1, NULL, NULL, 1, '2025-07-12 18:58:59', '2025-07-14 12:26:49'),
(462, 43, 'Toilet plug', '58.00', 1, NULL, NULL, 1, '2025-07-12 18:59:36', '2025-07-14 12:26:49'),
(463, 43, 'Cover', '108.00', 1, NULL, NULL, 1, '2025-07-13 10:46:31', '2025-07-14 12:26:48'),
(464, 44, 'Savings for bi', '7000.00', 1, 'transferred to seabank', NULL, 1, '2025-07-14 12:39:23', '2025-07-14 12:47:58'),
(465, 45, 'Juice', '1350.00', 1, 'transfer to 2nd BPI account', NULL, 1, '2025-07-14 12:58:17', '2025-07-29 09:52:59'),
(466, 45, 'Gas', '500.00', 1, NULL, NULL, 1, '2025-07-14 12:58:23', '2025-07-29 22:35:25'),
(467, 45, 'Grocery', '1200.00', 1, NULL, NULL, 1, '2025-07-14 12:58:33', '2025-07-29 14:49:35'),
(468, 45, 'PCX', '3000.00', 1, NULL, NULL, 1, '2025-07-14 12:58:44', '2025-07-29 10:13:46'),
(469, 45, 'Parking', '750.00', 1, NULL, NULL, 1, '2025-07-14 12:58:51', '2025-07-29 22:35:26'),
(470, 45, 'Meralco', '2692.86', 1, NULL, NULL, 1, '2025-07-14 13:00:11', '2025-07-29 09:59:11'),
(471, 45, 'Electric fan', '400.00', 1, NULL, NULL, 1, '2025-07-14 13:00:49', '2025-07-29 10:02:49'),
(472, 43, 'Installment', '3483.33', 1, NULL, NULL, 1, '2025-07-14 13:03:05', '2025-07-26 05:39:21'),
(473, 46, 'Rings', '22.00', 1, NULL, NULL, 1, '2025-07-15 16:35:44', '2025-07-29 09:57:42'),
(474, 43, 'Annual fee', '750.00', 1, NULL, NULL, 1, '2025-07-16 09:34:33', '2025-07-26 05:39:20'),
(475, 43, 'Annual fee', '800.00', 1, NULL, NULL, 1, '2025-07-16 09:37:49', '2025-07-16 09:39:12'),
(476, 45, 'Annual fee', '750.00', 1, 'transfer to seabank', NULL, 1, '2025-07-16 09:41:36', '2025-07-29 10:02:57'),
(477, 46, 'Meralco', '3000.00', 1, NULL, NULL, 1, '2025-07-16 17:25:23', '2025-07-16 17:25:27'),
(478, 46, 'Meralco', '2692.86', 1, NULL, NULL, 1, '2025-07-16 17:25:57', '2025-07-29 09:58:37'),
(479, 45, 'Motul', '363.00', 1, NULL, NULL, 1, '2025-07-17 08:44:03', '2025-07-29 09:57:05'),
(480, 46, 'Motul', '363.00', 1, NULL, NULL, 1, '2025-07-17 19:35:53', '2025-07-29 09:57:49'),
(483, 3, 'Seb', '3075.00', 1, NULL, '2025-08-02 00:00:00', 1, '2025-07-19 07:00:24', '2025-07-31 16:27:02'),
(484, 46, 'Sagada Arabica', '214.00', 1, NULL, NULL, 1, '2025-07-19 08:17:46', '2025-07-19 08:18:46'),
(485, 46, 'Sagada Arabica', '200.00', 1, NULL, NULL, 1, '2025-07-19 08:17:51', '2025-07-29 09:57:39'),
(486, 46, 'Meralco ni ash', '1481.27', 1, NULL, NULL, 1, '2025-07-19 10:11:40', '2025-07-29 14:53:18'),
(487, 3, 'Seb', '2030.00', 1, NULL, '2025-08-02 00:00:00', 1, '2025-07-21 09:20:39', '2025-07-31 16:26:59'),
(488, 3, 'Seb', '2230.00', 1, NULL, '2025-08-02 00:00:00', 1, '2025-07-23 16:44:22', '2025-07-31 16:27:00'),
(489, 45, 'Savings for bi', '3000.00', 1, NULL, NULL, 1, '2025-07-26 17:03:45', '2025-07-29 10:02:50'),
(490, 46, 'Unilever', '301.00', 1, NULL, NULL, 1, '2025-07-26 17:17:49', '2025-07-29 09:57:37'),
(491, 45, 'Cc bill', '598.00', 1, NULL, NULL, 1, '2025-07-26 17:20:25', '2025-07-29 09:55:47'),
(492, 3, 'Seb', '800.00', 1, NULL, '2025-08-02 00:00:00', 1, '2025-07-28 11:07:35', '2025-07-31 16:27:01'),
(493, 3, 'Kath', '3483.33', 1, 'Iphone hulog', NULL, 0, '2025-07-28 11:11:52', '2025-07-28 11:12:50'),
(494, 38, 'Greenex', '128.00', 1, NULL, NULL, 1, '2025-07-29 10:18:35', '2025-09-30 13:10:31'),
(495, 38, 'Ketchup', '40.00', 1, NULL, NULL, 1, '2025-07-29 10:21:58', '2025-07-29 13:59:59'),
(496, 47, 'Belt n shirt', '250.00', 1, NULL, NULL, 1, '2025-07-29 17:39:00', '2025-08-05 03:32:02'),
(497, 47, 'Glutamax', '65.00', 1, NULL, NULL, 1, '2025-07-30 19:36:05', '2025-07-30 21:26:44'),
(498, 47, 'Lotion', '178.00', 1, NULL, NULL, 1, '2025-07-30 21:25:03', '2025-07-30 21:26:43'),
(499, 3, 'Kath', '500.00', 1, 'From savings', NULL, 0, '2025-08-01 06:12:25', '2026-01-22 06:31:33'),
(500, 47, 'screwdriver set', '51.00', 1, NULL, NULL, 1, '2025-08-01 07:43:54', '2025-08-04 14:18:31'),
(501, 3, 'Seb', '2075.00', 1, NULL, '2025-08-21 00:00:00', 1, '2025-08-04 08:34:35', '2025-08-29 05:42:13'),
(502, 47, 'Faucet head', '104.00', 1, 'Refunded', NULL, 0, '2025-08-05 03:22:35', '2025-08-07 10:01:09'),
(503, 47, 'Crown shirts', '253.00', 1, NULL, NULL, 1, '2025-08-05 03:24:57', '2025-08-05 03:32:01'),
(504, 3, 'Seb', '5050.00', 1, NULL, '2025-08-08 00:00:00', 1, '2025-08-05 15:05:49', '2025-08-07 00:11:48'),
(505, 3, 'Seb', '3105.00', 1, NULL, '2025-08-21 00:00:00', 1, '2025-08-05 16:46:18', '2025-08-29 05:42:13'),
(506, 47, 'Sagada arabica', '451.00', 1, NULL, NULL, 1, '2025-08-07 09:57:11', '2025-08-14 10:45:20'),
(507, 48, 'Parking', '750.00', 1, NULL, NULL, 1, '2025-08-07 10:13:52', '2025-08-14 12:56:23'),
(508, 48, 'Grocery', '1200.00', 1, NULL, NULL, 1, '2025-08-07 10:14:03', '2025-08-14 12:56:20'),
(509, 48, 'Savings for bi', '6000.00', 1, NULL, NULL, 1, '2025-08-07 10:14:37', '2025-08-14 10:54:44'),
(510, 48, 'Juice', '1400.00', 1, 'Transfer to seabank', NULL, 1, '2025-08-07 10:15:01', '2025-08-14 10:54:42'),
(511, 48, 'Gas', '500.00', 1, NULL, NULL, 1, '2025-08-07 10:15:06', '2025-08-15 09:51:48'),
(512, 48, 'Meralco', '3000.00', 1, NULL, NULL, 1, '2025-08-07 10:16:09', '2025-08-14 10:43:37'),
(513, 48, 'Sagada arabica', '451.00', 1, NULL, NULL, 1, '2025-08-07 10:21:07', '2025-08-14 10:43:36'),
(514, 47, 'Tape and toothbrush', '132.00', 1, NULL, NULL, 1, '2025-08-07 10:30:07', '2025-08-14 10:45:18'),
(515, 48, 'skincare', '317.00', 1, NULL, NULL, 1, '2025-08-08 14:42:18', '2025-08-14 10:43:35'),
(516, 47, 'skincare', '317.00', 1, NULL, NULL, 1, '2025-08-08 14:42:43', '2025-08-14 10:44:39'),
(517, 47, 'Smart load ni seb', '1299.00', 1, 'payable aug 21', NULL, 1, '2025-08-08 15:13:30', '2025-09-01 15:54:19'),
(518, 48, 'Bape kim', '380.00', 1, NULL, NULL, 1, '2025-08-10 09:02:34', '2025-08-14 10:44:18'),
(519, 48, 'Brip clyde', '150.00', 1, NULL, NULL, 1, '2025-08-10 09:02:41', '2025-08-15 09:51:44'),
(520, 48, 'Shampoo', '109.00', 1, NULL, NULL, 1, '2025-08-10 11:42:58', '2025-08-14 10:43:34'),
(521, 47, 'Shampoo', '109.00', 1, NULL, NULL, 1, '2025-08-10 11:43:09', '2025-08-14 10:44:37'),
(522, 38, 'Iodized salt', '0.00', 1, NULL, NULL, 1, '2025-08-10 11:46:48', '2025-08-14 12:05:04'),
(523, 38, 'Oats', '0.00', 1, NULL, NULL, 1, '2025-08-10 11:47:31', '2025-08-14 12:02:20'),
(524, 38, 'Tuna', '0.00', 1, '1pc', NULL, 0, '2025-08-10 11:47:46', '2025-10-30 08:17:00'),
(525, 38, 'Bread', '0.00', 1, NULL, NULL, 1, '2025-08-10 11:48:21', '2025-10-14 12:47:25'),
(526, 38, 'Body spray', '0.00', 1, NULL, NULL, 1, '2025-08-10 12:05:30', '2025-08-14 11:57:37'),
(527, 3, 'Seb', '820.00', 1, NULL, '2025-08-21 00:00:00', 1, '2025-08-11 11:51:42', '2025-08-29 05:42:15'),
(528, 48, 'Stuff for bi', '519.04', 1, NULL, NULL, 1, '2025-08-13 07:11:25', '2025-08-14 10:43:33'),
(529, 48, 'Bracelet', '30.00', 1, NULL, NULL, 1, '2025-08-13 07:20:25', '2025-08-14 10:43:32'),
(530, 47, 'Stuff for bi', '519.04', 1, NULL, NULL, 1, '2025-08-13 07:20:51', '2025-08-14 10:44:36'),
(531, 47, 'Bracelet', '30.00', 1, NULL, NULL, 1, '2025-08-13 07:20:59', '2025-08-14 10:44:35'),
(532, 3, 'Ash', '198.00', 1, NULL, '2025-08-14 00:00:00', 1, '2025-08-13 15:56:03', '2025-08-16 05:21:35'),
(533, 49, 'Meralco', '3000.00', 1, NULL, NULL, 1, '2025-08-14 11:07:55', '2025-08-14 11:12:08'),
(534, 49, 'Meralco', '1482.67', 1, NULL, NULL, 1, '2025-08-14 11:12:05', '2025-08-29 14:37:50'),
(535, 3, 'Clyde', '500.00', 1, NULL, '2025-08-22 00:00:00', 1, '2025-08-14 13:32:36', '2025-09-01 15:55:29'),
(537, 49, 'Candle', '64.00', 1, NULL, NULL, 1, '2025-08-15 07:18:28', '2025-08-29 14:37:49'),
(538, 3, 'Zenji', '1000.00', 1, NULL, '2025-08-15 00:00:00', 1, '2025-08-15 09:53:35', '2025-08-17 06:49:19'),
(539, 3, 'Carl', '1000.00', 1, NULL, '2025-08-19 00:00:00', 1, '2025-08-15 09:54:00', '2025-08-20 20:49:12'),
(540, 50, 'Ham', '0.00', 1, NULL, NULL, 0, '2025-08-17 08:14:33', '2025-08-17 08:14:33'),
(541, 50, 'Bacon', '0.00', 1, '1/4', NULL, 0, '2025-08-17 08:14:43', '2025-08-17 08:17:16'),
(542, 50, 'Mushroom', '0.00', 1, NULL, NULL, 0, '2025-08-17 08:15:08', '2025-08-17 08:15:08'),
(543, 50, 'Cream', '0.00', 2, NULL, NULL, 0, '2025-08-17 08:15:56', '2025-08-17 08:16:45'),
(544, 50, 'Cheese', '0.00', 1, NULL, NULL, 0, '2025-08-17 08:16:28', '2025-08-17 08:16:28'),
(545, 49, 'Mcdo', '450.00', 1, NULL, NULL, 1, '2025-08-23 08:45:19', '2025-08-29 14:37:48'),
(546, 49, 'bow', '163.00', 1, NULL, NULL, 1, '2025-08-24 07:04:16', '2025-08-29 14:37:47'),
(547, 49, 'Escalera', '1947.64', 1, NULL, NULL, 1, '2025-08-25 07:28:04', '2025-08-29 14:37:46'),
(548, 51, 'Escalera', '1947.64', 1, NULL, NULL, 1, '2025-08-25 09:28:54', '2025-08-29 14:38:00'),
(549, 51, 'Bow', '163.00', 1, NULL, NULL, 1, '2025-08-25 09:29:13', '2025-08-29 14:38:00'),
(550, 51, 'Mcdo', '450.00', 1, NULL, NULL, 1, '2025-08-25 09:29:30', '2025-08-29 14:37:59'),
(551, 51, 'Candle', '64.00', 1, NULL, NULL, 1, '2025-08-25 09:29:38', '2025-08-29 14:37:59'),
(552, 51, 'Meralco', '1482.67', 1, NULL, NULL, 1, '2025-08-25 09:29:48', '2025-08-29 14:37:58'),
(553, 51, 'Parking', '750.00', 1, NULL, NULL, 1, '2025-08-25 09:30:50', '2025-08-29 14:37:57'),
(554, 51, 'Grocery', '2500.00', 1, NULL, NULL, 1, '2025-08-25 09:31:00', '2025-08-29 14:37:56'),
(555, 51, 'Juice', '1116.00', 1, 'Transfer to savings', NULL, 1, '2025-08-25 09:31:18', '2025-08-29 06:04:49'),
(556, 51, 'Gas', '500.00', 1, NULL, NULL, 1, '2025-08-25 09:31:28', '2025-08-29 14:37:56'),
(558, 51, 'Chowking', '198.00', 1, NULL, NULL, 1, '2025-08-27 14:31:11', '2025-08-29 14:37:55'),
(559, 51, 'Puregold', '277.00', 1, NULL, NULL, 1, '2025-08-27 14:32:00', '2025-08-29 14:37:54'),
(560, 49, 'Puregold', '277.00', 1, NULL, NULL, 1, '2025-08-27 14:32:37', '2025-08-29 14:37:46'),
(561, 49, 'Chowking', '198.00', 1, NULL, NULL, 1, '2025-08-27 14:33:20', '2025-08-29 14:37:45'),
(562, 51, 'Bidet', '124.00', 1, NULL, NULL, 1, '2025-08-28 05:30:12', '2025-08-29 14:37:54'),
(563, 49, 'Bidet', '124.00', 1, NULL, NULL, 1, '2025-08-28 05:30:42', '2025-08-29 14:37:44'),
(564, 51, 'Moisturizer', '281.00', 1, NULL, NULL, 1, '2025-08-28 06:31:31', '2025-08-29 14:37:53'),
(565, 51, 'Tissue', '148.00', 1, NULL, NULL, 1, '2025-08-28 06:32:40', '2025-08-29 14:37:53'),
(566, 49, 'Tissue', '148.00', 1, NULL, NULL, 1, '2025-08-28 06:33:14', '2025-08-29 14:37:43'),
(567, 49, 'Moisturizer', '281.00', 1, NULL, NULL, 1, '2025-08-28 06:33:40', '2025-08-29 14:37:42'),
(568, 51, 'Installment', '1483.33', 1, NULL, NULL, 1, '2025-08-29 05:40:50', '2025-08-29 14:37:52'),
(569, 3, 'Kath', '1483.33', 1, 'Iphone hulog', NULL, 0, '2025-08-29 05:42:45', '2025-08-29 05:42:45'),
(570, 3, 'Maki', '1800.00', 1, 'From savings', NULL, 1, '2025-08-31 08:11:43', '2025-09-01 14:35:15'),
(571, 3, 'Maki', '1200.00', 1, 'From mama', NULL, 1, '2025-08-31 08:12:04', '2026-01-22 06:31:16'),
(572, 3, 'Aj', '200.00', 1, 'Ambag', NULL, 1, '2025-08-31 18:53:58', '2025-09-13 06:47:11'),
(573, 52, 'Tissue', '245.00', 1, NULL, NULL, 1, '2025-09-02 09:05:24', '2025-10-30 08:02:10'),
(574, 52, 'Coffee', '317.00', 1, NULL, NULL, 1, '2025-09-02 09:07:47', '2025-10-30 08:02:09'),
(575, 52, 'Grocery', '2164.10', 1, NULL, NULL, 1, '2025-09-02 09:12:05', '2025-10-30 08:02:09'),
(576, 53, 'Meralco', '3000.00', 1, NULL, NULL, 1, '2025-09-02 12:15:49', '2025-09-13 08:31:26'),
(577, 53, 'Parking', '750.00', 1, NULL, NULL, 1, '2025-09-02 12:16:04', '2025-09-13 10:22:41'),
(578, 53, 'Juice', '1612.00', 1, 'Spaylater', NULL, 1, '2025-09-02 12:16:25', '2025-09-13 08:39:38'),
(580, 53, 'Gas', '500.00', 1, NULL, NULL, 1, '2025-09-02 12:17:04', '2025-09-15 05:53:58'),
(584, 53, 'Blackbar', '306.00', 1, NULL, NULL, 1, '2025-09-04 09:04:03', '2025-09-13 08:31:23'),
(586, 52, 'Pink box', '477.00', 1, NULL, NULL, 1, '2025-09-04 09:04:30', '2025-10-30 08:02:08'),
(587, 52, 'Blackbar', '306.00', 1, NULL, NULL, 1, '2025-09-04 09:04:38', '2025-10-30 08:02:08'),
(589, 52, 'Wrapper', '58.00', 1, NULL, NULL, 1, '2025-09-04 17:08:14', '2025-10-30 08:02:07'),
(591, 52, 'Love', '138.00', 1, NULL, NULL, 1, '2025-09-04 19:22:49', '2025-10-30 08:02:07'),
(592, 53, 'Vape kim', '380.00', 1, NULL, NULL, 1, '2025-09-04 19:23:02', '2025-09-13 08:43:26'),
(593, 3, 'Khel', '2000.00', 1, 'From cc payment', '2025-09-15 00:00:00', 1, '2025-09-05 14:55:09', '2025-09-13 06:47:41');
INSERT INTO `list_items` (`id`, `list_id`, `item_name`, `price`, `quantity`, `note`, `date`, `checked`, `created_at`, `updated_at`) VALUES
(595, 52, 'Spoty', '169.00', 1, NULL, NULL, 1, '2025-09-06 11:29:15', '2025-10-30 08:02:07'),
(597, 52, 'Baso', '224.00', 1, NULL, NULL, 1, '2025-09-08 08:24:05', '2025-10-30 08:02:06'),
(598, 52, 'Boots', '138.00', 1, NULL, NULL, 1, '2025-09-08 08:28:06', '2025-10-30 08:02:06'),
(601, 52, 'Matcha', '371.00', 1, NULL, NULL, 1, '2025-09-09 09:04:50', '2025-10-30 08:02:05'),
(603, 38, 'Bleach', '0.00', 1, NULL, NULL, 0, '2025-09-10 14:34:02', '2025-10-30 08:20:50'),
(604, 38, 'Shampoo', '0.00', 1, NULL, NULL, 0, '2025-09-10 14:34:40', '2025-10-30 08:20:47'),
(605, 38, 'Meatloaf', '0.00', 1, NULL, NULL, 1, '2025-09-10 14:36:05', '2025-09-11 13:17:54'),
(607, 38, 'Mt dew', '0.00', 1, NULL, NULL, 1, '2025-09-10 14:39:31', '2025-09-30 13:03:48'),
(608, 53, 'Dress ni bi', '1100.00', 1, 'From cc payment', NULL, 1, '2025-09-11 13:13:19', '2025-09-13 08:31:19'),
(610, 52, 'Grocery ni mama', '1164.40', 1, NULL, NULL, 1, '2025-09-11 21:26:05', '2025-10-30 08:02:05'),
(611, 52, 'Grocery', '4405.45', 1, NULL, NULL, 1, '2025-09-12 11:52:36', '2025-10-30 08:02:04'),
(612, 53, 'CC Bill', '10426.95', 1, NULL, NULL, 1, '2025-09-12 11:54:10', '2025-09-13 08:31:18'),
(613, 52, 'Flavored sauces', '250.00', 1, NULL, NULL, 1, '2025-09-12 11:56:21', '2025-10-30 08:02:04'),
(614, 52, 'Tissue', '266.00', 1, NULL, NULL, 1, '2025-09-13 10:23:15', '2025-10-30 08:02:03'),
(615, 55, 'Meralco', '3000.00', 1, NULL, NULL, 1, '2025-09-15 16:05:46', '2025-09-15 16:06:16'),
(616, 55, 'Meralco', '1219.28', 1, NULL, NULL, 1, '2025-09-15 16:06:14', '2025-09-30 09:59:07'),
(617, 54, 'Meralco', '1219.28', 1, NULL, NULL, 1, '2025-09-15 16:07:44', '2025-09-30 10:00:17'),
(618, 54, 'Parking', '700.00', 1, NULL, NULL, 1, '2025-09-15 16:07:50', '2025-10-02 17:07:21'),
(619, 54, 'Juice', '1000.00', 1, NULL, NULL, 1, '2025-09-15 16:08:14', '2025-09-30 10:32:41'),
(620, 54, 'Gas', '500.00', 1, NULL, NULL, 1, '2025-09-15 16:08:17', '2025-10-02 17:07:15'),
(621, 54, 'Grocery', '1200.00', 1, NULL, NULL, 1, '2025-09-15 16:09:14', '2025-10-02 17:07:13'),
(622, 54, 'Grocery', '5496.00', 1, NULL, NULL, 1, '2025-09-15 16:09:21', '2025-09-30 09:59:33'),
(623, 55, 'Motul', '335.00', 1, NULL, NULL, 1, '2025-09-16 19:09:35', '2025-09-30 09:59:04'),
(624, 54, 'Motul', '335.00', 1, NULL, NULL, 1, '2025-09-16 19:21:35', '2025-09-30 09:59:31'),
(625, 55, 'Fan blade', '222.00', 1, NULL, NULL, 1, '2025-09-17 15:45:11', '2025-09-30 09:59:04'),
(626, 55, 'Grab food', '449.00', 1, NULL, NULL, 1, '2025-09-23 17:49:17', '2025-09-30 09:59:03'),
(627, 54, 'Grab food', '449.00', 1, NULL, NULL, 1, '2025-09-23 17:49:29', '2025-09-30 09:59:31'),
(628, 55, 'Tissue', '252.00', 1, NULL, NULL, 1, '2025-09-23 20:25:27', '2025-09-30 09:59:02'),
(629, 54, 'Tissue', '252.00', 1, NULL, NULL, 1, '2025-09-23 20:25:39', '2025-09-30 09:59:30'),
(630, 54, 'Scale', '155.00', 1, NULL, NULL, 1, '2025-09-24 11:15:13', '2025-09-30 09:59:29'),
(631, 55, 'Scale', '155.00', 1, NULL, NULL, 1, '2025-09-24 11:15:24', '2025-09-30 09:59:01'),
(632, 55, 'Grocery', '3997.00', 1, NULL, NULL, 1, '2025-09-26 16:06:15', '2025-09-30 09:58:59'),
(633, 55, 'Unitop', '1612.00', 1, NULL, NULL, 1, '2025-09-26 16:06:50', '2025-09-30 21:50:22'),
(634, 55, 'Load', '135.00', 1, NULL, NULL, 1, '2025-09-27 14:50:49', '2025-09-30 09:58:57'),
(635, 55, 'Dito ni seb', '1332.30', 1, NULL, NULL, 1, '2025-09-27 16:37:30', '2025-09-30 21:50:24'),
(636, 55, 'Glasses', '298.00', 1, NULL, NULL, 1, '2025-09-28 06:18:15', '2025-09-30 09:58:56'),
(637, 54, 'Glasses', '298.00', 1, NULL, NULL, 1, '2025-09-28 06:18:40', '2025-09-30 09:59:28'),
(638, 55, 'Sweatpants', '431.00', 1, NULL, NULL, 1, '2025-09-30 06:54:46', '2025-09-30 09:58:55'),
(639, 54, 'Sweatpants', '431.00', 1, NULL, NULL, 1, '2025-09-30 06:55:09', '2025-09-30 09:59:27'),
(640, 54, 'Juice', '500.00', 1, NULL, NULL, 1, '2025-09-30 10:32:31', '2025-10-02 17:07:27'),
(641, 56, 'Zus Coffee', '140.00', 1, NULL, NULL, 1, '2025-10-04 11:07:41', '2025-10-20 08:14:11'),
(642, 56, 'Gomo', '449.00', 1, NULL, NULL, 1, '2025-10-04 11:07:44', '2025-10-20 08:14:10'),
(643, 56, 'Left over balance', '564.48', 1, NULL, NULL, 1, '2025-10-04 11:38:04', '2025-10-20 08:14:10'),
(644, 56, 'Jollibee', '816.00', 1, NULL, NULL, 1, '2025-10-07 11:30:27', '2025-10-20 08:14:08'),
(645, 56, 'Tissue', '120.00', 1, NULL, NULL, 1, '2025-10-08 08:27:32', '2025-10-20 08:14:07'),
(646, 56, 'Relx', '365.00', 1, NULL, NULL, 1, '2025-10-08 13:44:37', '2025-10-20 08:14:06'),
(647, 56, 'Jollibee', '75.00', 1, NULL, NULL, 1, '2025-10-08 20:06:21', '2025-10-20 08:14:06'),
(648, 56, 'Smart', '1299.00', 1, NULL, NULL, 1, '2025-10-09 06:08:39', '2025-10-20 08:14:05'),
(649, 56, 'Gomo', '249.00', 1, NULL, NULL, 1, '2025-10-09 06:08:49', '2025-10-20 08:14:04'),
(650, 57, 'CC bill', '4077.48', 1, NULL, NULL, 1, '2025-10-09 18:35:10', '2025-10-14 10:39:26'),
(651, 57, 'Parking', '750.00', 1, NULL, NULL, 1, '2025-10-09 18:35:25', '2025-10-30 08:02:37'),
(652, 57, 'Wifi', '1300.00', 1, NULL, NULL, 1, '2025-10-09 18:35:33', '2025-10-14 13:56:54'),
(653, 57, 'Seb', '3000.00', 1, NULL, NULL, 1, '2025-10-09 18:35:46', '2025-10-14 12:59:13'),
(654, 57, 'Grocery', '4075.00', 1, NULL, NULL, 1, '2025-10-09 18:35:57', '2025-10-14 10:39:24'),
(655, 57, 'Gas', '400.00', 1, NULL, NULL, 1, '2025-10-09 18:36:08', '2025-10-30 08:02:36'),
(656, 57, 'Juice', '1371.00', 1, 'Send to shopeepay', NULL, 1, '2025-10-09 18:36:34', '2025-10-14 10:47:56'),
(657, 57, 'Grocery mama', '1000.00', 1, NULL, NULL, 1, '2025-10-09 18:38:05', '2025-10-14 12:59:20'),
(658, 38, 'Sardines', '0.00', 1, NULL, NULL, 0, '2025-10-11 16:30:28', '2025-10-30 08:16:39'),
(659, 38, 'Pork and beans', '0.00', 1, NULL, NULL, 0, '2025-10-11 16:30:41', '2025-10-30 08:16:35'),
(660, 57, 'BPI LOAN', '1000.00', 1, NULL, NULL, 1, '2025-10-13 06:35:35', '2025-10-14 10:40:00'),
(678, 59, 'Gas', '400.00', 1, NULL, NULL, 1, '2025-10-21 07:20:26', '2025-10-30 11:54:01'),
(679, 59, 'Parking', '1500.00', 1, NULL, NULL, 1, '2025-10-21 07:20:31', '2025-10-30 11:54:00'),
(680, 59, 'Seb', '2000.00', 1, NULL, NULL, 1, '2025-10-21 07:20:57', '2025-10-30 07:46:38'),
(681, 59, 'Grocery', '4370.62', 1, NULL, NULL, 1, '2025-10-21 07:21:51', '2025-10-30 08:00:45'),
(682, 59, 'Grocery mama', '1000.00', 1, NULL, NULL, 1, '2025-10-21 07:22:05', '2025-10-30 11:52:32'),
(683, 59, 'Meralco mama', '2000.00', 1, NULL, NULL, 1, '2025-10-21 07:22:13', '2025-10-30 07:59:28'),
(684, 59, 'Juice', '2068.00', 1, 'transfer to shopee pay', NULL, 1, '2025-10-21 07:22:30', '2025-10-30 07:33:48'),
(699, 59, 'CC bill', '12600.00', 1, NULL, NULL, 1, '2025-10-23 17:05:42', '2025-10-30 07:26:31'),
(707, 38, 'Quick cook oatmeal', '0.00', 1, NULL, NULL, 0, '2025-10-30 08:18:55', '2025-10-30 08:18:55'),
(708, 38, 'Canton', '0.00', 1, NULL, NULL, 0, '2025-10-30 08:19:17', '2025-10-30 08:19:17'),
(709, 38, 'Milcu', '0.00', 1, NULL, NULL, 0, '2025-10-30 08:22:13', '2025-10-30 08:22:13'),
(710, 38, 'Ipis', '0.00', 1, NULL, NULL, 0, '2025-10-30 08:22:51', '2025-10-30 08:22:51'),
(711, 60, 'Rice', '880.00', 1, NULL, NULL, 1, '2025-11-04 15:27:49', '2026-01-24 14:12:57'),
(712, 60, 'Ceiling light', '232.00', 1, NULL, NULL, 1, '2025-11-04 15:46:20', '2026-01-24 14:12:55'),
(713, 60, 'Gallon', '197.00', 1, NULL, NULL, 1, '2025-11-04 15:48:24', '2026-01-24 14:12:56'),
(714, 60, 'Pillow', '390.00', 1, NULL, NULL, 1, '2025-11-04 16:57:51', '2026-01-24 14:12:56'),
(715, 60, 'Pillowcase', '91.00', 1, NULL, NULL, 1, '2025-11-04 16:58:01', '2026-01-24 14:12:56'),
(716, 60, 'Meme cat', '67.00', 1, NULL, NULL, 1, '2025-11-05 08:44:07', '2026-01-24 14:12:56'),
(717, 60, 'NBI', '164.00', 1, NULL, NULL, 1, '2025-11-09 06:45:15', '2026-01-24 14:12:57'),
(718, 61, 'Parking', '750.00', 1, NULL, NULL, 1, '2025-11-09 10:15:04', '2025-11-14 17:23:59'),
(720, 61, 'Moma', '1800.00', 1, NULL, NULL, 1, '2025-11-09 10:15:22', '2025-11-14 17:22:02'),
(722, 61, 'Gas', '500.00', 1, NULL, NULL, 1, '2025-11-09 10:15:55', '2025-11-14 17:23:57'),
(723, 61, 'Seb', '2500.00', 1, NULL, NULL, 1, '2025-11-09 10:16:03', '2025-11-14 10:50:49'),
(724, 61, 'Cc bill', '12379.55', 1, NULL, NULL, 1, '2025-11-09 10:18:16', '2025-11-14 10:46:34'),
(726, 60, 'Oil', '335.00', 1, NULL, NULL, 1, '2025-11-09 10:38:35', '2026-01-24 14:12:57'),
(727, 60, 'disney', '249.00', 1, NULL, NULL, 1, '2025-11-09 11:45:02', '2026-01-24 14:12:57'),
(728, 60, 'Smart load', '300.00', 1, NULL, NULL, 1, '2025-11-09 13:31:04', '2026-01-24 14:12:59'),
(729, 60, 'Plate cover', '36.00', 1, NULL, NULL, 1, '2025-11-10 15:23:33', '2026-01-24 14:12:58'),
(730, 60, 'Relx', '700.00', 1, NULL, NULL, 1, '2025-11-11 01:42:24', '2026-01-24 14:12:58'),
(731, 60, 'Jollibee', '374.00', 1, NULL, NULL, 1, '2025-11-11 13:34:25', '2026-01-24 14:12:58'),
(732, 60, 'Tissue', '204.00', 1, NULL, NULL, 1, '2025-11-14 06:01:31', '2026-01-24 14:12:58'),
(733, 60, 'Shower cap', '224.00', 1, NULL, NULL, 1, '2025-11-14 06:02:59', '2026-01-24 14:12:58'),
(734, 60, 'Klued', '175.00', 1, NULL, NULL, 1, '2025-11-14 06:08:12', '2026-01-24 14:12:59'),
(735, 60, 'moisturizer', '292.10', 1, NULL, NULL, 1, '2025-11-14 06:14:31', '2026-01-24 14:12:59'),
(736, 60, 'Relx', '1026.00', 1, NULL, NULL, 1, '2025-11-14 06:20:00', '2026-01-24 14:12:59'),
(737, 60, 'grocery', '6443.45', 1, NULL, NULL, 1, '2025-11-14 10:42:48', '2026-01-24 14:12:59'),
(738, 61, 'moma', '1200.00', 1, NULL, NULL, 1, '2025-11-14 10:52:01', '2025-11-14 10:52:03'),
(740, 62, 'Cdnim', '66.00', 1, NULL, NULL, 1, '2025-11-17 20:29:24', '2025-11-28 08:58:50'),
(742, 62, 'Relx', '1101.00', 1, NULL, NULL, 1, '2025-11-18 06:05:29', '2025-11-25 07:44:06'),
(743, 62, 'Pants', '511.00', 1, NULL, NULL, 1, '2025-11-18 19:20:19', '2025-11-28 08:58:50'),
(745, 62, 'Meralco', '2770.72', 1, NULL, NULL, 1, '2025-11-19 08:34:09', '2025-11-28 08:58:49'),
(746, 62, 'Smart wifi', '1100.00', 1, NULL, NULL, 1, '2025-11-19 18:57:45', '2025-11-25 07:44:03'),
(747, 62, 'Meralco', '200.00', 1, NULL, NULL, 1, '2025-11-20 10:10:18', '2025-11-25 07:44:02'),
(749, 62, 'Relx', '75.00', 1, NULL, NULL, 1, '2025-11-20 19:24:06', '2025-11-28 08:58:48'),
(750, 62, 'Powerbank', '272.00', 1, 'xmas gift', NULL, 1, '2025-11-21 08:18:54', '2025-11-28 08:58:47'),
(751, 62, 'Cdnim', '1999.00', 1, NULL, NULL, 1, '2025-11-26 05:48:47', '2025-11-28 08:58:47'),
(752, 62, 'Mannered shirt L', '208.00', 1, NULL, NULL, 1, '2025-11-26 07:24:52', '2025-11-28 08:58:46'),
(753, 62, 'Jollibee', '263.00', 1, NULL, NULL, 1, '2025-11-26 09:21:52', '2025-11-28 08:58:46'),
(754, 63, 'Parking', '750.00', 1, NULL, NULL, 1, '2025-11-28 07:43:40', '2025-11-29 08:43:11'),
(755, 63, 'Moma', '3000.00', 1, NULL, NULL, 1, '2025-11-28 07:43:50', '2025-11-29 08:44:32'),
(756, 63, 'Gas', '500.00', 1, NULL, NULL, 1, '2025-11-28 07:43:58', '2025-11-29 08:43:34'),
(757, 63, 'Seb', '2530.00', 1, NULL, NULL, 1, '2025-11-28 07:44:21', '2025-11-28 07:56:36'),
(758, 63, 'CC Bill', '6372.72', 1, NULL, NULL, 1, '2025-11-28 07:51:21', '2025-11-28 08:17:28'),
(759, 63, 'Maki xmas gift', '8300.00', 1, NULL, NULL, 1, '2025-11-28 08:01:39', '2025-11-28 08:17:26'),
(760, 63, '1b 712 Left over bills', '1083.00', 1, NULL, NULL, 1, '2025-11-28 08:02:03', '2025-11-28 08:17:25'),
(761, 63, 'Payment to omac', '4000.00', 1, 'Axel and moma xmas gift', NULL, 1, '2025-11-28 08:02:32', '2025-11-28 08:13:13'),
(762, 63, 'Grocery', '5000.00', 1, NULL, NULL, 1, '2025-11-28 08:17:51', '2025-11-29 08:43:56'),
(763, 63, 'Juice', '1400.00', 1, NULL, NULL, 1, '2025-11-28 08:28:54', '2025-11-28 08:34:57'),
(764, 63, 'Moma xmas gift', '3000.00', 1, NULL, NULL, 1, '2025-11-28 08:59:10', '2025-11-29 08:44:29'),
(765, 63, 'Wifi', '1000.00', 1, NULL, NULL, 1, '2025-11-28 10:21:07', '2025-11-29 08:45:57'),
(766, 64, 'Parking', '750.00', 1, NULL, NULL, 1, '2025-12-01 11:14:13', '2025-12-13 14:38:41'),
(767, 64, 'Moma bpi', '1000.00', 1, NULL, NULL, 1, '2025-12-01 11:14:23', '2025-12-12 15:42:16'),
(768, 64, 'Moma', '1200.00', 1, NULL, NULL, 1, '2025-12-01 11:14:38', '2025-12-13 14:34:02'),
(769, 64, 'Gas', '500.00', 1, NULL, NULL, 1, '2025-12-01 11:14:58', '2025-12-13 14:41:01'),
(770, 64, 'Spaylater', '500.00', 1, NULL, NULL, 1, '2025-12-01 11:15:07', '2025-12-26 17:34:31'),
(771, 64, 'Grocery', '4464.40', 1, NULL, NULL, 1, '2025-12-01 11:16:27', '2025-12-12 14:36:52'),
(772, 64, 'Juice', '1594.00', 1, NULL, NULL, 1, '2025-12-01 11:16:35', '2025-12-12 19:17:19'),
(773, 64, 'Meralco', '4500.00', 1, 'transferred to cc payment', NULL, 1, '2025-12-01 11:17:15', '2025-12-12 19:15:41'),
(774, 64, 'Water', '522.00', 1, NULL, NULL, 1, '2025-12-01 11:17:19', '2025-12-13 14:41:02'),
(775, 65, 'Lipton', '314.00', 1, NULL, NULL, 1, '2025-12-02 14:26:00', '2025-12-13 14:41:07'),
(776, 65, 'Codm', '65.00', 1, NULL, NULL, 1, '2025-12-02 21:25:35', '2025-12-13 14:41:07'),
(777, 65, 'Jabe', '366.00', 1, NULL, NULL, 1, '2025-12-07 14:47:06', '2025-12-13 14:41:06'),
(778, 65, 'Chowking', '99.00', 1, NULL, NULL, 1, '2025-12-07 14:47:12', '2025-12-13 14:41:06'),
(779, 65, 'Disney plus', '251.49', 1, NULL, NULL, 1, '2025-12-09 15:16:43', '2025-12-13 14:41:06'),
(780, 65, 'Candy', '50.00', 1, NULL, NULL, 1, '2025-12-09 19:01:40', '2025-12-13 14:41:05'),
(781, 65, 'Pizza for 22', '797.00', 1, NULL, NULL, 1, '2025-12-11 09:21:26', '2025-12-13 14:41:05'),
(782, 64, 'XMAS Decors', '1146.65', 1, NULL, NULL, 1, '2025-12-12 14:36:34', '2025-12-12 14:36:54'),
(783, 64, 'CC Bill', '2113.18', 1, NULL, NULL, 1, '2025-12-12 15:37:15', '2025-12-12 15:41:47'),
(784, 65, 'Spotify', '170.69', 1, NULL, NULL, 1, '2025-12-12 15:38:36', '2025-12-13 14:41:04'),
(785, 66, 'Coffee', '730.00', 1, NULL, NULL, 1, '2025-12-21 07:21:15', '2025-12-29 15:03:23'),
(786, 67, 'Parking', '750.00', 1, NULL, NULL, 1, '2025-12-26 17:34:02', '2025-12-29 13:58:17'),
(787, 67, 'Gas', '500.00', 1, NULL, NULL, 1, '2025-12-26 17:34:22', '2025-12-29 14:50:10'),
(788, 67, 'Spaylater', '600.62', 1, NULL, NULL, 1, '2025-12-26 17:34:41', '2025-12-29 15:12:15'),
(790, 67, 'Juice', '715.00', 1, NULL, NULL, 1, '2025-12-26 17:35:19', '2025-12-29 14:57:50'),
(791, 67, 'Meralco', '2629.51', 1, 'Make singil to 1B 712', NULL, 1, '2025-12-26 17:36:08', '2025-12-29 15:27:00'),
(792, 67, 'Water', '618.00', 1, NULL, NULL, 1, '2025-12-26 17:41:08', '2026-01-15 11:19:46'),
(793, 67, 'Spaylater mama', '1089.78', 1, NULL, NULL, 1, '2025-12-26 17:44:23', '2025-12-29 15:12:16'),
(794, 67, 'Mama', '1910.22', 1, NULL, NULL, 1, '2025-12-26 17:59:42', '2025-12-29 15:20:43'),
(795, 66, 'vape', '785.00', 1, NULL, NULL, 1, '2025-12-27 08:11:45', '2025-12-29 15:03:22'),
(796, 66, 'Tissue', '224.00', 1, NULL, NULL, 1, '2025-12-27 18:17:42', '2025-12-29 15:03:22'),
(797, 66, 'Mcdo', '668.00', 1, NULL, NULL, 1, '2025-12-28 11:58:54', '2025-12-29 15:03:21'),
(800, 66, 'Gas daddy', '587.00', 1, NULL, NULL, 1, '2025-12-29 14:52:28', '2025-12-29 15:03:21'),
(801, 66, 'mcdo', '326.00', 1, NULL, NULL, 1, '2025-12-29 14:55:12', '2025-12-29 15:03:20'),
(802, 66, 'Grocery', '5233.66', 1, NULL, NULL, 1, '2025-12-29 14:55:33', '2025-12-29 15:03:21'),
(803, 67, 'CC bill', '8553.66', 1, NULL, NULL, 1, '2025-12-29 15:04:18', '2025-12-29 15:04:40'),
(804, 66, 'Meralco', '2644.51', 1, NULL, NULL, 1, '2025-12-29 15:24:37', '2025-12-29 15:26:50'),
(805, 68, 'Parking', '750.00', 1, NULL, NULL, 1, '2026-01-15 05:59:56', '2026-01-15 10:41:02'),
(807, 68, 'Gas', '500.00', 1, NULL, NULL, 1, '2026-01-15 06:02:58', '2026-01-15 10:41:04'),
(808, 68, 'Moma', '2087.77', 1, NULL, NULL, 1, '2026-01-15 06:03:11', '2026-01-15 11:11:21'),
(809, 68, 'Grocery', '4000.00', 1, NULL, NULL, 1, '2026-01-15 06:03:34', '2026-01-15 10:35:19'),
(810, 68, 'Cc bill', '7129.49', 1, NULL, NULL, 1, '2026-01-15 06:05:27', '2026-01-15 10:57:07'),
(811, 69, 'St luke\'s', '6375.00', 1, NULL, NULL, 1, '2026-01-15 10:02:36', '2026-01-15 11:19:38'),
(812, 69, 'mcdo', '503.00', 1, NULL, NULL, 1, '2026-01-15 10:04:35', '2026-01-15 11:19:38'),
(813, 69, 'disney plus', '251.49', 1, NULL, NULL, 1, '2026-01-15 10:05:02', '2026-01-15 11:19:37'),
(814, 68, 'Spaylater', '832.00', 1, NULL, NULL, 1, '2026-01-15 10:54:34', '2026-01-15 10:59:26'),
(815, 68, 'Moma SIP loan', '912.23', 1, NULL, NULL, 1, '2026-01-15 11:05:49', '2026-01-15 11:10:14'),
(816, 3, 'Kath', '2500.00', 1, 'Iphone hulog', NULL, 1, '2026-01-22 06:31:12', '2026-01-22 06:31:21'),
(817, 70, 'Sky', '1489.26', 1, NULL, NULL, 1, '2026-01-26 08:25:37', '2026-02-04 11:25:09'),
(818, 70, 'Hi-Precision', '1015.00', 1, 'Mine', NULL, 1, '2026-01-28 15:03:18', '2026-02-04 11:25:08'),
(819, 70, 'Hi-Precision', '2820.00', 1, 'Maki', NULL, 1, '2026-01-28 15:03:48', '2026-02-04 11:25:08'),
(820, 71, 'Parking', '750.00', 1, NULL, NULL, 1, '2026-01-30 10:15:59', '2026-02-01 09:34:14'),
(821, 71, 'Moma', '1767.86', 1, NULL, NULL, 1, '2026-01-30 10:16:29', '2026-01-30 11:18:29'),
(822, 71, 'Grocery', '4000.00', 1, NULL, NULL, 1, '2026-01-30 10:16:41', '2026-02-01 09:34:13'),
(823, 71, 'Gas', '500.00', 1, NULL, NULL, 1, '2026-01-30 10:16:58', '2026-02-01 09:34:15'),
(824, 71, 'Water', '752.59', 1, NULL, NULL, 1, '2026-01-30 10:17:39', '2026-02-01 09:38:23'),
(825, 71, 'Meds', '1840.00', 1, NULL, NULL, 1, '2026-01-30 10:18:18', '2026-02-01 09:31:11'),
(826, 71, 'Moma phone', '1232.14', 1, NULL, NULL, 1, '2026-01-30 10:20:59', '2026-01-30 11:18:31'),
(827, 3, 'Aj', '1079.67', 1, NULL, '2026-01-10 00:00:00', 1, '2026-01-30 11:18:09', '2026-05-14 01:38:40'),
(845, 70, 'PLDT application', '1399.00', 1, NULL, NULL, 1, '2026-02-04 11:24:05', '2026-02-18 19:15:37'),
(846, 70, 'grab subscription', '88.00', 1, NULL, NULL, 1, '2026-02-04 11:28:59', '2026-02-13 14:15:48'),
(851, 76, 'Parking', '750.00', 1, NULL, NULL, 1, '2026-02-04 16:46:09', '2026-02-15 17:31:16'),
(852, 76, 'Gas', '500.00', 1, NULL, NULL, 1, '2026-02-04 16:46:09', '2026-02-15 17:31:16'),
(853, 76, 'Moma', '2087.77', 1, NULL, NULL, 1, '2026-02-04 16:46:09', '2026-02-13 13:20:39'),
(854, 76, 'Grocery', '4000.00', 1, NULL, NULL, 1, '2026-02-04 16:46:09', '2026-02-15 17:31:18'),
(857, 76, 'Moma SIP loan', '912.23', 1, NULL, NULL, 1, '2026-02-04 16:46:09', '2026-02-13 14:18:46'),
(860, 76, 'Meds', '1914.75', 1, NULL, NULL, 1, '2026-02-13 13:47:27', '2026-02-13 14:16:30'),
(861, 70, 'Chowking', '92.14', 1, NULL, NULL, 1, '2026-02-13 14:13:16', '2026-02-14 09:55:56'),
(862, 70, 'Meds', '1914.75', 1, NULL, NULL, 1, '2026-02-14 09:15:02', '2026-02-14 09:15:03'),
(868, 77, 'Chowking', '92.14', 1, NULL, NULL, 1, '2026-02-14 10:01:12', '2026-02-14 15:31:04'),
(869, 77, 'Meds', '1914.75', 1, NULL, NULL, 1, '2026-02-14 10:01:12', '2026-02-14 15:31:03'),
(870, 77, 'Bath and body', '750.00', 1, NULL, NULL, 1, '2026-02-14 15:21:56', '2026-02-14 15:30:56'),
(871, 77, 'Make up', '1138.00', 1, NULL, NULL, 1, '2026-02-14 15:22:21', '2026-02-14 15:30:56'),
(872, 77, 'Eyebrow pencil', '143.00', 1, NULL, NULL, 1, '2026-02-14 15:22:44', '2026-02-14 15:30:55'),
(873, 77, 'Ramen', '854.54', 1, NULL, NULL, 1, '2026-02-14 15:28:00', '2026-02-14 15:30:54'),
(874, 77, 'coffee', '255.00', 1, NULL, NULL, 1, '2026-02-24 20:09:45', '2026-02-27 13:00:20'),
(875, 77, 'smart', '1299.00', 1, NULL, NULL, 1, '2026-02-26 14:48:07', '2026-02-27 13:00:19'),
(876, 77, 'Meds', '573.00', 1, NULL, NULL, 1, '2026-02-27 07:01:03', '2026-02-27 13:00:19'),
(877, 78, 'Parking', '750.00', 1, NULL, NULL, 1, '2026-02-27 07:02:38', '2026-02-27 14:41:52'),
(879, 78, 'Grocery', '4000.00', 1, NULL, NULL, 1, '2026-02-27 07:02:38', '2026-03-06 12:43:59'),
(880, 78, 'Gas', '500.00', 1, NULL, NULL, 1, '2026-02-27 07:02:38', '2026-02-27 14:43:37'),
(881, 78, 'Water', '620.00', 1, NULL, NULL, 1, '2026-02-27 07:02:38', '2026-02-27 14:43:37'),
(883, 78, 'Moma phone', '1232.14', 1, NULL, NULL, 1, '2026-02-27 07:02:38', '2026-02-27 12:57:37'),
(884, 77, 'tissue', '191.00', 1, NULL, NULL, 1, '2026-02-27 08:28:31', '2026-02-27 13:00:18'),
(885, 78, 'Spaylater', '56.00', 1, NULL, NULL, 1, '2026-02-27 08:50:35', '2026-02-27 12:57:36'),
(886, 78, 'Spaylater', '1748.00', 1, 'Mama', NULL, 1, '2026-02-27 10:04:08', '2026-02-27 12:57:34'),
(887, 78, 'Cc bill', '2318.00', 1, NULL, NULL, 1, '2026-02-27 10:05:19', '2026-02-27 12:59:24'),
(888, 79, 'Parking', '750.00', 1, NULL, NULL, 1, '2026-03-06 15:01:53', '2026-03-13 14:26:31'),
(889, 79, 'Grocery', '4000.00', 1, NULL, NULL, 1, '2026-03-06 15:01:53', '2026-03-13 14:26:35'),
(890, 79, 'Gas', '500.00', 1, NULL, NULL, 1, '2026-03-06 15:01:53', '2026-03-13 14:26:33'),
(896, 79, 'Meds', '1715.07', 1, NULL, NULL, 1, '2026-03-06 15:02:15', '2026-03-13 11:04:47'),
(897, 79, 'Mama SIP loan', '912.23', 1, NULL, NULL, 1, '2026-03-06 15:03:57', '2026-03-13 11:05:16'),
(898, 79, 'Mama', '2087.77', 1, NULL, NULL, 1, '2026-03-06 15:04:53', '2026-03-13 11:06:01'),
(899, 79, 'Rice', '1400.00', 1, NULL, NULL, 1, '2026-03-09 18:22:06', '2026-03-13 14:26:29'),
(900, 80, 'Strawberry shampoo', '339.00', 1, NULL, NULL, 1, '2026-03-13 08:27:29', '2026-03-13 11:07:50'),
(901, 81, 'Seb flowers', '2398.00', 1, NULL, NULL, 1, '2026-03-14 08:20:19', '2026-04-14 13:27:12'),
(902, 81, 'Strawberry shampoo', '339.00', 1, NULL, NULL, 1, '2026-03-18 08:33:55', '2026-03-18 08:33:58'),
(903, 81, 'Meralco', '3397.28', 1, NULL, NULL, 1, '2026-03-18 08:35:03', '2026-03-18 08:35:14'),
(904, 82, 'Parking', '750.00', 1, NULL, NULL, 1, '2026-03-18 08:42:23', '2026-04-01 08:43:34'),
(906, 82, 'Gas', '500.00', 1, NULL, NULL, 1, '2026-03-18 08:42:23', '2026-04-01 08:43:39'),
(907, 82, 'Water', '700.00', 1, NULL, NULL, 1, '2026-03-18 08:42:23', '2026-04-01 08:43:35'),
(908, 82, 'Moma phone', '1232.14', 1, NULL, NULL, 1, '2026-03-18 08:42:23', '2026-03-31 08:12:09'),
(909, 82, 'Spaylater', '596.53', 1, NULL, NULL, 1, '2026-03-18 08:42:23', '2026-03-31 08:12:01'),
(912, 82, 'Mama', '1056.86', 1, NULL, NULL, 1, '2026-03-18 08:44:26', '2026-03-31 08:17:13'),
(913, 81, 'cover', '128.00', 1, NULL, NULL, 1, '2026-03-19 20:07:45', '2026-03-21 07:01:45'),
(914, 81, 'rice', '711.00', 1, NULL, NULL, 1, '2026-03-19 20:08:40', '2026-03-31 08:18:44'),
(915, 81, 'rice', '711.00', 1, NULL, NULL, 1, '2026-03-19 20:09:00', '2026-03-21 07:01:44'),
(925, 81, 'Coffee', '861.00', 1, NULL, NULL, 1, '2026-03-22 21:41:56', '2026-03-31 08:18:42'),
(927, 81, 'Liptint', '483.00', 1, NULL, NULL, 1, '2026-03-25 21:59:34', '2026-03-31 08:18:42'),
(928, 84, 'Meralco', '1898.37', 1, 'Ashlong', NULL, 1, '2026-03-28 07:54:36', '2026-04-29 15:33:19'),
(929, 81, 'Tissue', '109.00', 1, NULL, NULL, 1, '2026-03-29 16:28:37', '2026-03-31 08:18:41'),
(930, 81, 'Deep fryer pot', '146.00', 1, NULL, NULL, 1, '2026-03-29 16:29:39', '2026-03-31 08:18:41'),
(931, 81, 'Cat litter', '118.00', 1, NULL, NULL, 1, '2026-03-29 16:30:36', '2026-03-31 08:18:40'),
(932, 81, 'Lipton & Cheetos', '266.00', 1, NULL, NULL, 1, '2026-03-29 16:31:01', '2026-03-31 08:18:40'),
(933, 82, 'CC Bill', '5958.00', 1, 'Includes mama rice, coffee, grocery', NULL, 1, '2026-03-29 16:38:54', '2026-03-31 08:10:30'),
(934, 82, 'Mama request for add', '1000.00', 1, NULL, NULL, 1, '2026-03-29 16:43:45', '2026-03-31 08:17:14'),
(935, 81, 'Grocery', '3261.00', 1, NULL, NULL, 1, '2026-03-29 16:45:21', '2026-03-31 08:18:39'),
(936, 84, 'Ashlong gift', '487.00', 1, NULL, NULL, 1, '2026-04-04 18:08:10', '2026-04-14 12:45:13'),
(937, 84, 'Meds', '1606.07', 1, NULL, NULL, 1, '2026-04-07 11:24:55', '2026-04-14 12:45:11'),
(938, 84, 'Water', '94.00', 1, 'Kim', NULL, 1, '2026-04-07 11:25:09', '2026-04-10 07:57:42'),
(939, 85, 'Parking', '750.00', 1, NULL, NULL, 1, '2026-04-10 07:54:36', '2026-04-29 15:33:15'),
(940, 85, 'Grocery', '2796.85', 1, NULL, NULL, 1, '2026-04-10 07:54:36', '2026-04-14 12:43:46'),
(941, 85, 'Gas', '500.00', 1, NULL, NULL, 1, '2026-04-10 07:54:36', '2026-04-29 15:33:13'),
(943, 85, 'Mama SIP loan', '912.23', 1, NULL, NULL, 1, '2026-04-10 07:54:36', '2026-04-14 12:43:46'),
(944, 85, 'Mama', '2087.77', 1, NULL, NULL, 1, '2026-04-10 07:54:36', '2026-04-14 12:48:11'),
(945, 85, 'Meds', '1606.07', 1, NULL, NULL, 1, '2026-04-10 07:54:36', '2026-04-14 12:43:34'),
(946, 85, 'Ashlong Gift', '487.00', 1, NULL, NULL, 1, '2026-04-10 07:58:45', '2026-04-14 12:43:28'),
(947, 84, 'Oil & Body wash', '360.00', 1, NULL, NULL, 1, '2026-04-10 22:06:52', '2026-04-14 12:45:10'),
(948, 85, 'Shopee pro max', '99.00', 1, NULL, NULL, 1, '2026-04-10 22:07:34', '2026-04-13 16:32:41'),
(949, 84, 'Grocery', '2796.85', 1, NULL, NULL, 1, '2026-04-13 15:10:34', '2026-04-14 12:45:09'),
(950, 84, 'Mama SIP loan', '912.23', 1, NULL, NULL, 1, '2026-04-13 15:15:18', '2026-04-14 12:45:08'),
(951, 85, 'Oil & Body wash', '360.00', 1, NULL, NULL, 1, '2026-04-14 12:38:20', '2026-04-14 12:43:27'),
(952, 85, 'savings', '4000.00', 1, NULL, NULL, 1, '2026-04-14 12:50:02', '2026-04-14 12:50:04'),
(953, 86, 'Parking', '750.00', 1, NULL, NULL, 1, '2026-04-23 19:45:01', '2026-04-29 15:07:21'),
(954, 86, 'Gas', '500.00', 1, NULL, NULL, 1, '2026-04-23 19:45:01', '2026-04-29 15:07:23'),
(955, 86, 'Water', '717.44', 1, NULL, NULL, 1, '2026-04-23 19:45:01', '2026-04-29 15:07:22'),
(958, 86, 'Mama', '2340.00', 1, NULL, NULL, 1, '2026-04-23 19:45:01', '2026-04-29 15:02:57'),
(961, 86, 'Grocery', '4000.00', 1, NULL, NULL, 1, '2026-04-23 19:47:15', '2026-04-29 14:54:53'),
(962, 86, 'Spaylater', '520.00', 1, NULL, NULL, 1, '2026-04-23 19:53:35', '2026-04-29 15:01:11'),
(963, 86, 'Coffee', '440.14', 1, NULL, NULL, 1, '2026-04-25 22:52:15', '2026-04-29 15:00:36'),
(964, 86, 'Rice', '1320.00', 1, NULL, NULL, 1, '2026-04-28 16:01:46', '2026-04-29 14:54:49'),
(965, 87, 'Rice', '1320.00', 1, NULL, NULL, 1, '2026-04-29 14:50:20', '2026-04-29 14:52:37'),
(966, 87, 'Grocery', '3821.00', 1, NULL, NULL, 1, '2026-04-29 14:51:01', '2026-04-29 14:52:35'),
(967, 87, 'Grocery AJ', '442.00', 1, NULL, NULL, 1, '2026-04-29 14:51:21', '2026-04-29 14:52:34'),
(974, 90, 'Meds', '1606.07', 1, NULL, NULL, 1, '2026-05-07 19:30:24', '2026-05-18 07:34:03'),
(977, 90, 'Body Spray', '279.00', 1, NULL, NULL, 1, '2026-05-07 19:31:06', '2026-05-18 07:34:03'),
(978, 90, 'BBall Shoes', '2609.34', 1, 'Clyde', NULL, 1, '2026-05-07 19:32:27', '2026-05-18 07:34:02'),
(979, 90, 'Canola Oil, Litter pad, Door stopper', '310.00', 1, NULL, NULL, 1, '2026-05-11 06:49:00', '2026-05-18 07:34:01'),
(980, 90, 'Catfood', '200.00', 1, NULL, NULL, 1, '2026-05-12 06:15:39', '2026-05-18 07:34:00'),
(981, 90, 'Grocery', '4594.85', 1, NULL, NULL, 1, '2026-05-14 01:37:48', '2026-05-18 07:34:00'),
(982, 91, 'Parking', '750.00', 1, NULL, NULL, 1, '2026-05-14 01:39:06', '2026-05-18 08:02:04'),
(984, 91, 'Gas', '500.00', 1, NULL, NULL, 1, '2026-05-14 01:39:06', '2026-05-18 07:41:09'),
(986, 91, 'Mama', '3000.00', 1, NULL, NULL, 1, '2026-05-14 01:39:06', '2026-05-14 08:43:47'),
(991, 91, 'savings', '2000.00', 1, NULL, NULL, 1, '2026-05-14 01:39:06', '2026-05-14 08:41:43'),
(992, 91, 'CC Bill', '6989.92', 1, 'includes grocery, meds', NULL, 1, '2026-05-14 01:41:59', '2026-05-14 08:44:34'),
(993, 91, 'Heater', '1300.00', 1, NULL, NULL, 0, '2026-05-14 05:07:25', '2026-05-14 05:07:25'),
(994, 92, 'Coffee', '920.00', 1, NULL, NULL, 1, '2026-05-14 05:22:27', '2026-05-29 09:15:43'),
(995, 92, 'BPI SIP Loan', '912.23', 1, NULL, NULL, 1, '2026-05-18 07:35:19', '2026-05-29 09:15:42'),
(996, 93, 'Parking', '750.00', 1, NULL, NULL, 1, '2026-05-21 06:46:38', '2026-05-29 13:41:58'),
(997, 93, 'Gas', '500.00', 1, NULL, NULL, 1, '2026-05-21 06:46:38', '2026-05-29 13:43:06'),
(998, 93, 'Water', '700.00', 1, NULL, NULL, 0, '2026-05-21 06:46:38', '2026-05-21 06:49:46'),
(999, 93, 'Mama', '2387.77', 1, NULL, NULL, 1, '2026-05-21 06:46:38', '2026-05-29 09:12:10'),
(1000, 93, 'Grocery', '4000.00', 1, NULL, NULL, 1, '2026-05-21 06:46:38', '2026-05-29 13:39:27'),
(1002, 93, 'Coffee', '920.00', 1, NULL, NULL, 1, '2026-05-21 06:46:38', '2026-05-29 09:04:49'),
(1004, 93, 'PLDT', '1570.14', 1, NULL, NULL, 1, '2026-05-21 06:47:20', '2026-05-29 09:12:55'),
(1005, 93, 'Mama SIP loan', '912.23', 1, NULL, NULL, 1, '2026-05-21 06:48:23', '2026-05-29 09:04:55'),
(1006, 92, 'Oil n inhaler', '280.00', 1, NULL, NULL, 1, '2026-05-25 21:34:33', '2026-05-29 09:14:53'),
(1007, 92, 'Tissue n litter', '239.00', 1, NULL, NULL, 1, '2026-05-25 21:35:15', '2026-05-29 09:14:50'),
(1008, 93, 'Pitcher', '149.00', 1, 'Spaylate', NULL, 1, '2026-05-27 20:15:17', '2026-05-29 09:13:49'),
(1009, 93, 'Side mirror', '152.00', 1, 'Spaylater', NULL, 0, '2026-05-27 20:17:52', '2026-05-27 20:18:30'),
(1010, 93, 'Catfood', '182.00', 1, 'Spaylater', NULL, 1, '2026-05-27 20:18:21', '2026-05-29 09:13:47'),
(1011, 93, 'JVT', '3000.00', 1, 'adrian bae', NULL, 1, '2026-05-28 14:36:57', '2026-05-29 09:10:56');

-- --------------------------------------------------------

--
-- Table structure for table `migrations`
--

CREATE TABLE `migrations` (
  `id` int UNSIGNED NOT NULL,
  `migration` varchar(255) COLLATE utf8mb4_unicode_ci NOT NULL,
  `batch` int NOT NULL
) ENGINE=InnoDB DEFAULT CHARSET=utf8mb4 COLLATE=utf8mb4_unicode_ci;

--
-- Dumping data for table `migrations`
--

INSERT INTO `migrations` (`id`, `migration`, `batch`) VALUES
(1, '2014_10_12_000000_create_users_table', 1),
(2, '2014_10_12_100000_create_password_resets_table', 1),
(3, '2019_08_19_000000_create_failed_jobs_table', 1),
(4, '2019_12_14_000001_create_personal_access_tokens_table', 1),
(5, '2024_11_17_054627_create_userlists_table', 1),
(6, '2024_11_17_054738_create_list_items_table', 1);

-- --------------------------------------------------------

--
-- Table structure for table `password_resets`
--

CREATE TABLE `password_resets` (
  `email` varchar(255) COLLATE utf8mb4_unicode_ci NOT NULL,
  `token` varchar(255) COLLATE utf8mb4_unicode_ci NOT NULL,
  `created_at` timestamp NULL DEFAULT NULL
) ENGINE=InnoDB DEFAULT CHARSET=utf8mb4 COLLATE=utf8mb4_unicode_ci;

-- --------------------------------------------------------

--
-- Table structure for table `personal_access_tokens`
--

CREATE TABLE `personal_access_tokens` (
  `id` bigint UNSIGNED NOT NULL,
  `tokenable_type` varchar(255) COLLATE utf8mb4_unicode_ci NOT NULL,
  `tokenable_id` bigint UNSIGNED NOT NULL,
  `name` varchar(255) COLLATE utf8mb4_unicode_ci NOT NULL,
  `token` varchar(64) COLLATE utf8mb4_unicode_ci NOT NULL,
  `abilities` text COLLATE utf8mb4_unicode_ci,
  `last_used_at` timestamp NULL DEFAULT NULL,
  `created_at` timestamp NULL DEFAULT NULL,
  `updated_at` timestamp NULL DEFAULT NULL
) ENGINE=InnoDB DEFAULT CHARSET=utf8mb4 COLLATE=utf8mb4_unicode_ci;

-- --------------------------------------------------------

--
-- Table structure for table `users`
--

CREATE TABLE `users` (
  `id` bigint UNSIGNED NOT NULL,
  `name` varchar(255) COLLATE utf8mb4_unicode_ci NOT NULL,
  `email` varchar(255) COLLATE utf8mb4_unicode_ci NOT NULL,
  `email_verified_at` timestamp NULL DEFAULT NULL,
  `password` varchar(255) COLLATE utf8mb4_unicode_ci NOT NULL,
  `remember_token` varchar(100) COLLATE utf8mb4_unicode_ci DEFAULT NULL,
  `created_at` timestamp NULL DEFAULT NULL,
  `updated_at` timestamp NULL DEFAULT NULL
) ENGINE=InnoDB DEFAULT CHARSET=utf8mb4 COLLATE=utf8mb4_unicode_ci;

-- --------------------------------------------------------

--
-- Table structure for table `user_lists`
--

CREATE TABLE `user_lists` (
  `id` bigint UNSIGNED NOT NULL,
  `type` varchar(255) COLLATE utf8mb4_unicode_ci NOT NULL,
  `title` varchar(255) COLLATE utf8mb4_unicode_ci NOT NULL,
  `budget` decimal(10,2) DEFAULT NULL,
  `state` varchar(255) COLLATE utf8mb4_unicode_ci NOT NULL DEFAULT 'active',
  `created_at` timestamp NULL DEFAULT NULL,
  `updated_at` timestamp NULL DEFAULT NULL
) ENGINE=InnoDB DEFAULT CHARSET=utf8mb4 COLLATE=utf8mb4_unicode_ci;

--
-- Dumping data for table `user_lists`
--

INSERT INTO `user_lists` (`id`, `type`, `title`, `budget`, `state`, `created_at`, `updated_at`) VALUES
(2, 'budget', 'Cc bill nov 30', NULL, '1', '2024-11-21 11:42:54', '2024-11-21 11:42:54'),
(3, 'loan', 'My Pautang', NULL, '1', '2024-11-21 11:47:06', '2024-11-21 11:47:06'),
(5, 'budget', 'Nov 30', '13500.00', '1', '2024-11-29 05:55:29', '2024-11-29 05:55:29'),
(6, 'budget', '13th month', '16500.00', '1', '2024-11-29 06:06:15', '2024-11-29 06:06:24'),
(10, 'budget', 'Dec 15', '23000.00', '1', '2024-12-13 13:39:58', '2024-12-13 13:39:58'),
(11, 'budget', 'Cc bill dec 30', NULL, '1', '2024-12-15 10:28:30', '2024-12-15 10:28:30'),
(12, 'shopping', 'Axel', NULL, '1', '2024-12-19 05:57:33', '2024-12-19 05:57:33'),
(13, 'shopping', 'Divi', NULL, '1', '2024-12-27 06:56:52', '2024-12-27 06:56:52'),
(14, 'budget', 'Dec 30', NULL, '1', '2024-12-27 08:54:15', '2024-12-27 08:54:15'),
(15, 'budget', 'Cc bill jan 15', NULL, '1', '2024-12-31 05:59:17', '2024-12-31 05:59:17'),
(16, 'shopping', 'Wishlist', NULL, '1', '2025-01-03 09:14:57', '2025-01-03 09:14:57'),
(17, 'budget', 'Cc bill jan 30', NULL, '1', '2025-01-14 17:55:29', '2025-01-14 17:55:29'),
(18, 'budget', 'Jan 15', '18980.00', '1', '2025-01-15 05:25:02', '2025-01-15 05:25:02'),
(19, 'shopping', 'Graham', NULL, '1', '2025-01-26 09:34:10', '2025-01-26 09:34:10'),
(20, 'budget', 'Jan 30', NULL, '1', '2025-01-30 09:34:34', '2025-01-30 09:34:52'),
(21, 'budget', 'Cc bill feb 15', NULL, '1', '2025-01-30 10:41:05', '2025-01-30 10:41:05'),
(22, 'budget', 'Feb 15', NULL, '1', '2025-02-13 09:25:28', '2025-02-13 09:25:28'),
(23, 'budget', 'cc bill feb 30', NULL, '1', '2025-02-14 10:29:51', '2025-02-14 10:29:51'),
(24, 'budget', 'Feb 28', '16800.00', '1', '2025-02-25 03:35:58', '2025-02-28 09:28:14'),
(25, 'budget', 'CC bill Mar 15', NULL, '1', '2025-03-02 11:56:51', '2025-03-02 11:56:51'),
(26, 'budget', 'Mar 15', '18000.00', '1', '2025-03-14 11:22:36', '2025-03-14 11:22:36'),
(27, 'budget', 'CC Bill Mar 30', NULL, '1', '2025-03-14 11:33:57', '2025-03-14 11:33:57'),
(28, 'budget', 'Mar 30', '14000.00', '1', '2025-03-28 07:44:37', '2025-03-28 07:44:37'),
(29, 'shopping', 'Puregold', NULL, '1', '2025-03-31 07:36:43', '2025-03-31 07:36:43'),
(30, 'budget', 'Cc bill mar 15', NULL, '1', '2025-04-05 05:29:11', '2025-04-05 05:29:11'),
(31, 'budget', 'Apr 15', '17000.00', '1', '2025-04-14 05:25:00', '2025-04-14 05:25:00'),
(32, 'budget', 'CC Bill apr 30', NULL, '1', '2025-04-16 08:28:05', '2025-04-16 08:28:05'),
(33, 'budget', 'Apr 30', '14000.00', '1', '2025-04-29 14:53:47', '2025-04-29 14:53:47'),
(34, 'budget', 'Cc bill may 15', NULL, '1', '2025-05-01 06:03:43', '2025-05-01 06:03:43'),
(36, 'budget', 'May 15', '19000.00', '1', '2025-05-08 14:41:59', '2025-05-14 10:47:59'),
(37, 'budget', 'CC Bill may 30', NULL, '1', '2025-05-13 08:39:09', '2025-05-13 08:39:09'),
(38, 'shopping', 'Divi', NULL, '1', '2025-05-15 08:45:16', '2025-05-15 08:45:16'),
(39, 'budget', 'May 30', '18000.00', '1', '2025-05-29 17:30:08', '2025-05-29 17:30:08'),
(40, 'budget', 'CC Bill Jun 15', NULL, '1', '2025-05-30 04:32:46', '2025-05-30 04:32:46'),
(41, 'budget', 'Jun 15', '17000.00', '1', '2025-06-11 04:54:03', '2025-06-11 04:54:03'),
(42, 'budget', 'Jun 30', '17000.00', '1', '2025-06-26 12:08:58', '2025-06-26 12:08:58'),
(43, 'budget', 'CC Bill Jul 15', NULL, '1', '2025-06-30 06:33:03', '2025-06-30 06:33:03'),
(44, 'budget', 'Jul 15', '29000.00', '1', '2025-07-08 08:04:20', '2025-07-08 08:04:20'),
(45, 'budget', 'Jul 30', NULL, '1', '2025-07-14 12:57:23', '2025-07-14 12:57:23'),
(46, 'budget', 'CC Bill July 30', NULL, '1', '2025-07-15 16:34:55', '2025-07-15 16:35:01'),
(47, 'budget', 'Cc Bill Aug 15', NULL, '1', '2025-07-29 17:38:53', '2025-07-29 17:38:53'),
(48, 'budget', 'Aug 15', NULL, '1', '2025-08-07 10:13:18', '2025-08-07 10:13:18'),
(49, 'budget', 'CC Bill Aug 30', NULL, '1', '2025-08-14 10:35:24', '2025-08-14 10:35:24'),
(50, 'shopping', 'Carb', NULL, '1', '2025-08-17 08:13:11', '2025-08-17 08:13:11'),
(51, 'budget', 'Aug 30', '18000.00', '1', '2025-08-25 09:28:34', '2025-08-25 09:33:45'),
(52, 'budget', 'Cc bill Sept 15', NULL, '1', '2025-09-02 09:04:54', '2025-09-02 09:05:05'),
(53, 'budget', 'Sept 15', NULL, '1', '2025-09-02 12:12:52', '2025-09-02 12:12:52'),
(54, 'budget', 'Sept 30', '19000.00', '1', '2025-09-15 15:59:33', '2025-09-29 06:36:18'),
(55, 'budget', 'CC Bill sept 30', NULL, '1', '2025-09-15 16:05:39', '2025-09-15 16:05:39'),
(56, 'budget', 'CC BILL OCT 15', NULL, '1', '2025-10-04 11:07:26', '2025-10-04 11:07:26'),
(57, 'budget', 'Oct 15', '22000.00', '1', '2025-10-09 18:34:37', '2025-10-09 18:34:37'),
(59, 'budget', 'Oct 30', '31000.00', '1', '2025-10-21 07:20:09', '2025-10-23 17:38:37'),
(60, 'budget', 'Cc bill nov 15', NULL, '1', '2025-11-04 15:27:22', '2025-11-04 15:27:22'),
(61, 'budget', 'Nov 15', '24400.00', '1', '2025-11-09 10:14:55', '2025-11-14 10:56:02'),
(62, 'budget', 'Cc bill nov 30', NULL, '1', '2025-11-17 08:30:09', '2025-11-17 08:30:09'),
(63, 'budget', 'Nov 30', '43000.00', '1', '2025-11-28 07:42:20', '2025-11-28 07:42:20'),
(64, 'budget', 'Dec 15', NULL, '1', '2025-12-01 11:12:53', '2025-12-01 11:12:53'),
(65, 'budget', 'Cc bill dec 15', NULL, '1', '2025-12-02 14:21:21', '2025-12-02 14:21:21'),
(66, 'budget', 'Cc bill dec 30', NULL, '1', '2025-12-21 07:21:06', '2025-12-26 17:32:25'),
(67, 'budget', 'dec 30', '19000.00', '1', '2025-12-26 17:32:55', '2025-12-26 18:07:40'),
(68, 'budget', 'Jan 15', NULL, '1', '2026-01-15 05:58:14', '2026-01-15 05:58:14'),
(69, 'budget', 'CC bill jan 15', NULL, '1', '2026-01-15 10:02:16', '2026-01-15 10:02:16'),
(70, 'budget', 'Cc bill feb 15', NULL, '1', '2026-01-26 08:25:29', '2026-02-04 11:20:59'),
(71, 'budget', 'Jan 30', NULL, '1', '2026-01-30 10:15:25', '2026-01-30 10:15:25'),
(76, 'budget', 'Feb 15', NULL, '1', '2026-02-04 16:46:09', '2026-02-04 16:46:20'),
(77, 'budget', 'Cc bill feb 28', NULL, '1', '2026-02-14 10:01:12', '2026-02-14 10:01:26'),
(78, 'budget', 'Feb 28', NULL, '1', '2026-02-27 07:02:38', '2026-02-27 07:02:47'),
(79, 'budget', 'March 15', NULL, '1', '2026-03-06 15:01:53', '2026-03-06 15:03:29'),
(80, 'budget', 'Cc bill march 15', NULL, '1', '2026-03-13 08:27:19', '2026-03-13 08:27:19'),
(81, 'budget', 'Cc bill march 30', NULL, '1', '2026-03-14 08:20:04', '2026-03-14 08:20:04'),
(82, 'budget', 'March 30', '25000.00', '1', '2026-03-18 08:42:23', '2026-03-29 16:43:53'),
(84, 'budget', 'CC Bill apr 15', NULL, '1', '2026-03-28 07:54:20', '2026-03-28 07:54:20'),
(85, 'budget', 'April 15', NULL, '1', '2026-04-10 07:54:36', '2026-04-10 07:54:51'),
(86, 'budget', 'Apr 30', NULL, '1', '2026-04-23 19:45:01', '2026-04-23 19:45:16'),
(87, 'budget', 'CC Bill Apr 30', NULL, '1', '2026-04-29 14:50:06', '2026-04-29 14:50:06'),
(90, 'budget', 'CC Bill May 15', NULL, '1', '2026-05-07 19:30:24', '2026-05-14 01:38:14'),
(91, 'budget', 'May 15', NULL, '1', '2026-05-14 01:39:06', '2026-05-14 01:39:20'),
(92, 'budget', 'CC Bill May 30', NULL, '1', '2026-05-14 05:22:16', '2026-05-14 05:22:16'),
(93, 'budget', 'May 30', NULL, '1', '2026-05-21 06:46:38', '2026-05-21 06:46:48');

--
-- Indexes for dumped tables
--

--
-- Indexes for table `failed_jobs`
--
ALTER TABLE `failed_jobs`
  ADD PRIMARY KEY (`id`),
  ADD UNIQUE KEY `failed_jobs_uuid_unique` (`uuid`);

--
-- Indexes for table `list_items`
--
ALTER TABLE `list_items`
  ADD PRIMARY KEY (`id`),
  ADD KEY `list_items_list_id_foreign` (`list_id`);

--
-- Indexes for table `migrations`
--
ALTER TABLE `migrations`
  ADD PRIMARY KEY (`id`);

--
-- Indexes for table `password_resets`
--
ALTER TABLE `password_resets`
  ADD KEY `password_resets_email_index` (`email`);

--
-- Indexes for table `personal_access_tokens`
--
ALTER TABLE `personal_access_tokens`
  ADD PRIMARY KEY (`id`),
  ADD UNIQUE KEY `personal_access_tokens_token_unique` (`token`),
  ADD KEY `personal_access_tokens_tokenable_type_tokenable_id_index` (`tokenable_type`,`tokenable_id`);

--
-- Indexes for table `users`
--
ALTER TABLE `users`
  ADD PRIMARY KEY (`id`),
  ADD UNIQUE KEY `users_email_unique` (`email`);

--
-- Indexes for table `user_lists`
--
ALTER TABLE `user_lists`
  ADD PRIMARY KEY (`id`);

--
-- AUTO_INCREMENT for dumped tables
--

--
-- AUTO_INCREMENT for table `failed_jobs`
--
ALTER TABLE `failed_jobs`
  MODIFY `id` bigint UNSIGNED NOT NULL AUTO_INCREMENT;

--
-- AUTO_INCREMENT for table `list_items`
--
ALTER TABLE `list_items`
  MODIFY `id` bigint UNSIGNED NOT NULL AUTO_INCREMENT, AUTO_INCREMENT=1012;

--
-- AUTO_INCREMENT for table `migrations`
--
ALTER TABLE `migrations`
  MODIFY `id` int UNSIGNED NOT NULL AUTO_INCREMENT, AUTO_INCREMENT=7;

--
-- AUTO_INCREMENT for table `personal_access_tokens`
--
ALTER TABLE `personal_access_tokens`
  MODIFY `id` bigint UNSIGNED NOT NULL AUTO_INCREMENT;

--
-- AUTO_INCREMENT for table `users`
--
ALTER TABLE `users`
  MODIFY `id` bigint UNSIGNED NOT NULL AUTO_INCREMENT;

--
-- AUTO_INCREMENT for table `user_lists`
--
ALTER TABLE `user_lists`
  MODIFY `id` bigint UNSIGNED NOT NULL AUTO_INCREMENT, AUTO_INCREMENT=94;

--
-- Constraints for dumped tables
--

--
-- Constraints for table `list_items`
--
ALTER TABLE `list_items`
  ADD CONSTRAINT `list_items_list_id_foreign` FOREIGN KEY (`list_id`) REFERENCES `user_lists` (`id`) ON DELETE CASCADE;
COMMIT;

/*!40101 SET CHARACTER_SET_CLIENT=@OLD_CHARACTER_SET_CLIENT */;
/*!40101 SET CHARACTER_SET_RESULTS=@OLD_CHARACTER_SET_RESULTS */;
/*!40101 SET COLLATION_CONNECTION=@OLD_COLLATION_CONNECTION */;
